sample_id,kappa_ref_target,C,F_true,sigma_psf,SEP_flux,SEP_fluxerr,SEP_flag,signed_error,absolute_error,vulnerable_tau_0_5
0,1,0.0,921.707740272654,3.9396520353634137,921.7077387436487,0.0,0,-1.6588828937094239e-09,1.6588828937094239e-09,False
0,1,0.6,921.707740272654,3.9396520353634137,731.7325728677597,0.0,0,-0.2061121536732424,0.2061121536732424,False
0,1,1.0,921.707740272654,3.9396520353634137,605.0824555387583,0.0,0,-0.34352026233416844,0.34352026233416844,False
0,5,0.0,4608.53870136327,3.9396520353634137,4608.538719097097,0.0,0,3.848036906474045e-09,3.848036906474045e-09,False
0,5,0.6,4608.53870136327,3.9396520353634137,4418.563536862833,0.0,0,-0.04122243010441463,0.04122243010441463,False
0,5,1.0,4608.53870136327,3.9396520353634137,4291.913432842026,0.0,0,-0.06870404894887434,0.06870404894887434,False
0,20,0.0,18434.15480545308,3.9396520353634137,18434.154876388387,0.0,0,3.848036906474045e-09,3.848036906474045e-09,False
0,20,0.6,18434.15480545308,3.9396520353634137,18244.179645484044,0.0,0,-0.01030560728028811,0.01030560728028811,False
0,20,1.0,18434.15480545308,3.9396520353634137,18117.52953948465,0.0,0,-0.017176012098735687,0.017176012098735687,False
1,1,0.0,1075.833950188335,2.30969635575867,1075.8339510863102,0.0,0,8.346783154563478e-10,8.346783154563478e-10,False
1,1,0.6,1075.833950188335,2.30969635575867,915.301036033205,0.0,0,-0.14921718553967095,0.14921718553967095,False
1,1,1.0,1075.833950188335,2.30969635575867,808.2791018963281,0.0,0,-0.24869530120811748,0.24869530120811748,False
1,5,0.0,5379.1697509416745,2.30969635575867,5379.169757399197,0.0,0,1.2004682377454726e-09,1.2004682377454726e-09,False
1,5,0.6,5379.1697509416745,2.30969635575867,5218.636831806982,0.0,0,-0.029843438033646353,0.029843438033646353,False
1,5,1.0,5379.1697509416745,2.30969635575867,5111.614871484916,0.0,0,-0.04973906603522235,0.04973906603522235,False
1,20,0.0,21516.679003766698,2.30969635575867,21516.679029596788,0.0,0,1.2004682377454726e-09,1.2004682377454726e-09,False
1,20,0.6,21516.679003766698,2.30969635575867,21356.146116552132,0.0,0,-0.007460858024905366,0.007460858024905366,False
1,20,1.0,21516.679003766698,2.30969635575867,21249.12413187373,0.0,0,-0.012434766157274069,0.012434766157274069,False
2,1,0.0,855.9931879747628,3.034252681645092,855.9931886517206,0.0,0,7.908448740221634e-10,7.908448740221634e-10,False
2,1,0.6,855.9931879747628,3.034252681645092,627.0983841325109,0.0,0,-0.2674025997611098,0.2674025997611098,False
2,1,1.0,855.9931879747628,3.034252681645092,474.5018565986135,0.0,0,-0.4456709898343219,0.4456709898343219,False
2,5,0.0,4279.965939873814,3.034252681645092,4279.965889119875,0.0,0,-1.1858491313914528e-08,1.1858491313914528e-08,False
2,5,0.6,4279.965939873814,3.034252681645092,4051.071122542041,0.0,0,-0.05348052310400432,0.05348052310400432,False
2,5,1.0,4279.965939873814,3.034252681645092,3898.4746213760995,0.0,0,-0.08913419495786033,0.08913419495786033,False
2,20,0.0,17119.863759495256,3.034252681645092,17119.8635564795,0.0,0,-1.1858491313914528e-08,1.1858491313914528e-08,False
2,20,0.6,17119.863759495256,3.034252681645092,16890.96891677007,0.0,0,-0.013370132259272943,0.013370132259272943,False
2,20,1.0,17119.863759495256,3.034252681645092,16738.372430444324,0.0,0,-0.022283549355896253,0.022283549355896253,False
3,1,0.0,830.5938876281074,3.590379487541943,830.5938937749505,0.0,0,7.400539813266043e-09,7.400539813266043e-09,False
3,1,0.6,830.5938876281074,3.590379487541943,852.9885402424464,0.0,0,0.02696221697259361,0.02696221697259361,False
3,1,1.0,830.5938876281074,3.590379487541943,867.9183144684546,0.0,0,0.044937035290414935,0.044937035290414935,False
3,5,0.0,4152.969438140537,3.590379487541943,4152.969442903129,0.0,0,1.1467919073668647e-09,1.1467919073668647e-09,False
3,5,0.6,4152.969438140537,3.590379487541943,4175.3640919566315,0.0,0,0.005392443683891275,0.005392443683891275,False
3,5,1.0,4152.969438140537,3.590379487541943,4190.293866096972,0.0,0,0.008987407326827537,0.008987407326827537,False
3,20,0.0,16611.877752562148,3.590379487541943,16611.877771612515,0.0,0,1.1467919073668647e-09,1.1467919073668647e-09,False
3,20,0.6,16611.877752562148,3.590379487541943,16634.272394478572,0.0,0,0.0013481102046377599,0.0013481102046377599,False
3,20,1.0,16611.877752562148,3.590379487541943,16649.202163155904,0.0,0,0.0022468507865102028,0.0022468507865102028,False
4,1,0.0,1060.035122843769,3.6655488117722417,1060.0351271650368,0.0,0,4.07653270997233e-09,4.07653270997233e-09,False
4,1,0.6,1060.035122843769,3.6655488117722417,1133.8467934623459,0.0,0,0.06963134430919751,0.06963134430919751,False
4,1,1.0,1060.035122843769,3.6655488117722417,1183.054574555754,0.0,0,0.1160522411577829,0.1160522411577829,False
4,5,0.0,5300.175614218844,3.6655488117722417,5300.175610252169,0.0,0,-7.484045695843005e-10,7.484045695843005e-10,False
4,5,0.6,5300.175614218844,3.6655488117722417,5373.98728306684,0.0,0,0.013926268527778668,0.013926268527778668,False
4,5,1.0,5300.175614218844,3.6655488117722417,5423.195045164128,0.0,0,0.023210444313440843,0.023210444313440843,False
4,20,0.0,21200.702456875377,3.6655488117722417,21200.702441008674,0.0,0,-7.484045695843005e-10,7.484045695843005e-10,False
4,20,0.6,21200.702456875377,3.6655488117722417,21274.514168440146,0.0,0,0.003481569146820044,0.003481569146820044,False
4,20,1.0,21200.702456875377,3.6655488117722417,21323.72196152378,0.0,0,0.005802614554807308,0.005802614554807308,False
5,1,0.0,1196.7453866685587,3.413206602587967,1196.7453859157442,0.0,0,-6.290514810158791e-10,6.290514810158791e-10,False
5,1,0.6,1196.7453866685587,3.413206602587967,981.3055719620982,0.0,0,-0.18002142904113577,0.18002142904113577,False
5,1,1.0,1196.7453866685587,3.413206602587967,837.6790198760218,0.0,0,-0.3000357225458694,0.3000357225458694,False
5,5,0.0,5983.726933342794,3.413206602587967,5983.7269413176255,0.0,0,1.3327532525727507e-09,1.3327532525727507e-09,False
5,5,0.6,5983.726933342794,3.413206602587967,5768.287133516871,0.0,0,-0.0360042833213928,0.0360042833213928,False
5,5,1.0,5983.726933342794,3.413206602587967,5624.660560570794,0.0,0,-0.060007145508461354,0.060007145508461354,False
5,20,0.0,23934.907733371176,3.413206602587967,23934.907765270502,0.0,0,1.3327532525727507e-09,1.3327532525727507e-09,False
5,20,0.6,23934.907733371176,3.413206602587967,23719.467905499372,0.0,0,-0.009001072002104576,0.009001072002104576,False
5,20,1.0,23934.907733371176,3.413206602587967,23575.84135037991,0.0,0,-0.015001786804076088,0.015001786804076088,False
6,1,0.0,1067.1682019014095,2.5940920246552697,1067.1681957877322,0.0,0,-5.7288787859174955e-09,5.7288787859174955e-09,False
6,1,0.6,1067.1682019014095,2.5940920246552697,831.5770179558054,0.0,0,-0.22076293458317375,0.22076293458317375,False
6,1,1.0,1067.1682019014095,2.5940920246552697,674.5162383273444,0.0,0,-0.3679382152452293,0.3679382152452293,False
6,5,0.0,5335.841009507048,2.5940920246552697,5335.840954920948,0.0,0,-1.023008356095684e-08,1.023008356095684e-08,False
6,5,0.6,5335.841009507048,2.5940920246552697,5100.249819603823,0.0,0,-0.04415258803316359,0.04415258803316359,False
6,5,1.0,5335.841009507048,2.5940920246552697,4943.189035213205,0.0,0,-0.07358764505805952,0.07358764505805952,False
6,20,0.0,21343.36403802819,2.5940920246552697,21343.363819683793,0.0,0,-1.023008356095684e-08,1.023008356095684e-08,False
6,20,0.6,21343.36403802819,2.5940920246552697,21107.772808297595,0.0,0,-0.011038148874321503,0.011038148874321503,False
6,20,1.0,21343.36403802819,2.5940920246552697,20950.71197866489,0.0,0,-0.018396915250271612,0.018396915250271612,False
7,1,0.0,944.2471240363252,1.6660614964904377,944.2471206292502,0.0,0,-3.6082450821627463e-09,3.6082450821627463e-09,False
7,1,0.6,944.2471240363252,1.6660614964904377,886.8803840034817,0.0,0,-0.060753947322201844,0.060753947322201844,False
7,1,1.0,944.2471240363252,1.6660614964904377,848.6358863630759,0.0,0,-0.10125658340853062,0.10125658340853062,False
7,5,0.0,4721.235620181626,1.6660614964904377,4721.235666927155,0.0,0,9.901121877790213e-09,9.901121877790213e-09,False
7,5,0.6,4721.235620181626,1.6660614964904377,4663.868881300659,0.0,0,-0.012150789220462461,0.012150789220462461,False
7,5,1.0,4721.235620181626,1.6660614964904377,4625.624393058443,0.0,0,-0.020251314447107413,0.020251314447107413,False
7,20,0.0,18884.942480726502,1.6660614964904377,18884.94266770862,0.0,0,9.901121877790213e-09,9.901121877790213e-09,False
7,20,0.6,18884.942480726502,1.6660614964904377,18827.575721872425,0.0,0,-0.0030376983627365857,0.0030376983627365857,False
7,20,1.0,18884.942480726502,1.6660614964904377,18789.331281897626,0.0,0,-0.005062827113529955,0.005062827113529955,False
8,1,0.0,1110.5973448204263,1.843121216125174,1110.5973393219535,0.0,0,-4.950914748376565e-09,4.950914748376565e-09,False
8,1,0.6,1110.5973448204263,1.843121216125174,879.531033041974,0.0,0,-0.20805588349017143,0.20805588349017143,False
8,1,1.0,1110.5973448204263,1.843121216125174,725.486822849473,0.0,0,-0.34675980792410616,0.34675980792410616,False
8,5,0.0,5552.986724102131,1.843121216125174,5552.986694507105,0.0,0,-5.32956898300148e-09,5.32956898300148e-09,False
8,5,0.6,5552.986724102131,1.843121216125174,5321.920465062782,0.0,0,-0.04161116720060425,0.04161116720060425,False
8,5,1.0,5552.986724102131,1.843121216125174,5167.8761779606975,0.0,0,-0.06935196593752033,0.06935196593752033,False
8,20,0.0,22211.946896408524,1.843121216125174,22211.94677802842,0.0,0,-5.32956898300148e-09,5.32956898300148e-09,False
8,20,0.6,22211.946896408524,1.843121216125174,21980.88051306885,0.0,0,-0.010402797396253322,0.010402797396253322,False
8,20,1.0,22211.946896408524,1.843121216125174,21826.836432730892,0.0,0,-0.01733798777179238,0.01733798777179238,False
9,1,0.0,1127.1411848149673,1.621355151164205,1127.1412044070257,0.0,0,1.73820801184009e-08,1.73820801184009e-08,False
9,1,0.6,1127.1411848149673,1.621355151164205,868.9874203805168,0.0,0,-0.229034097868431,0.229034097868431,False
9,1,1.0,1127.1411848149673,1.621355151164205,696.8849239185893,0.0,0,-0.38172348477090684,0.38172348477090684,False
9,5,0.0,5635.705924074837,1.621355151164205,5635.705962203493,0.0,0,6.765551087321902e-09,6.765551087321902e-09,False
9,5,0.6,5635.705924074837,1.621355151164205,5377.552134156744,0.0,0,-0.04580682409550527,0.04580682409550527,False
9,5,1.0,5635.705924074837,1.621355151164205,5205.44963111002,0.0,0,-0.07634470264440703,0.07634470264440703,False
9,20,0.0,22542.823696299347,1.621355151164205,22542.823848813972,0.0,0,6.765551087321902e-09,6.765551087321902e-09,False
9,20,0.6,22542.823696299347,1.621355151164205,22284.669918549633,0.0,0,-0.01145170548408685,0.01145170548408685,False
9,20,1.0,22542.823696299347,1.621355151164205,22112.56748586096,0.0,0,-0.01908617200022809,0.01908617200022809,False
10,1,0.0,833.8868028746328,2.663989573307828,833.8867983021242,0.0,0,-5.4833684683862185e-09,5.4833684683862185e-09,False
10,1,0.6,833.8868028746328,2.663989573307828,640.1016148939918,0.0,0,-0.2323878820393981,0.2323878820393981,False
10,1,1.0,833.8868028746328,2.663989573307828,510.9114910760586,0.0,0,-0.38731313493053393,0.38731313493053393,False
10,5,0.0,4169.434014373164,2.663989573307828,4169.434056143973,0.0,0,1.0018340301521476e-08,1.0018340301521476e-08,False
10,5,0.6,4169.434014373164,2.663989573307828,3975.6488102651424,0.0,0,-0.04647758027588204,0.04647758027588204,False
10,5,1.0,4169.434014373164,2.663989573307828,3846.458727245922,0.0,0,-0.07746262106891708,0.07746262106891708,False
10,20,0.0,16677.736057492657,2.663989573307828,16677.736224575892,0.0,0,1.0018340301521476e-08,1.0018340301521476e-08,False
10,20,0.6,16677.736057492657,2.663989573307828,16483.950810952087,0.0,0,-0.011619397613233615,0.011619397613233615,False
10,20,1.0,16677.736057492657,2.663989573307828,16354.7606506083,0.0,0,-0.019365662447887066,0.019365662447887066,False
11,1,0.0,894.35383697046,3.1009714007307965,894.3538369608744,0.0,0,-1.0717800188533948e-11,1.0717800188533948e-11,False
11,1,0.6,894.35383697046,3.1009714007307965,880.9411030844171,0.0,0,-0.014997122315119928,0.014997122315119928,False
11,1,1.0,894.35383697046,3.1009714007307965,871.9992799705267,0.0,0,-0.024995204443531253,0.024995204443531253,False
11,5,0.0,4471.7691848523,3.1009714007307965,4471.769170062183,0.0,0,-3.3074420293939885e-09,3.3074420293939885e-09,False
11,5,0.6,4471.7691848523,3.1009714007307965,4458.356449652173,0.0,0,-0.002999424756886224,0.002999424756886224,False
11,5,1.0,4471.7691848523,3.1009714007307965,4449.414636660297,0.0,0,-0.004999038919031579,0.004999038919031579,False
11,20,0.0,17887.0767394092,3.1009714007307965,17887.07668024873,0.0,0,-3.3074420293939885e-09,3.3074420293939885e-09,False
11,20,0.6,17887.0767394092,3.1009714007307965,17873.664048258735,0.0,0,-0.0007498537265686007,0.0007498537265686007,False
11,20,1.0,17887.0767394092,3.1009714007307965,17864.722231122232,0.0,0,-0.001249757498815657,0.001249757498815657,False
12,1,0.0,1112.2336497149129,3.7387238829523857,1112.2336422018345,0.0,0,-6.754946090932698e-09,6.754946090932698e-09,False
12,1,0.6,1112.2336497149129,3.7387238829523857,1041.4023706476983,0.0,0,-0.0636838123764463,0.0636838123764463,False
12,1,1.0,1112.2336497149129,3.7387238829523857,994.1815185234602,0.0,0,-0.10613968676609604,0.10613968676609604,False
12,5,0.0,5561.168248574564,3.7387238829523857,5561.168278857073,0.0,0,5.445350304344248e-09,5.445350304344248e-09,False
12,5,0.6,5561.168248574564,3.7387238829523857,5490.33697473847,0.0,0,-0.012736761534637826,0.012736761534637826,False
12,5,1.0,5561.168248574564,3.7387238829523857,5443.116119457445,0.0,0,-0.021227936980215988,0.021227936980215988,False
12,20,0.0,22244.672994298257,3.7387238829523857,22244.673115428293,0.0,0,5.445350304344248e-09,5.445350304344248e-09,False
12,20,0.6,22244.672994298257,3.7387238829523857,22173.841720690016,0.0,0,-0.0031841903734164206,0.0031841903734164206,False
12,20,1.0,22244.672994298257,3.7387238829523857,22126.620881730618,0.0,0,-0.005306983501079011,0.005306983501079011,False
13,1,0.0,981.4085555424297,3.053642906042577,981.4085469289311,0.0,0,-8.776669572582445e-09,8.776669572582445e-09,False
13,1,0.6,981.4085555424297,3.053642906042577,699.1628980631812,0.0,0,-0.28759241590598306,0.28759241590598306,False
13,1,1.0,981.4085555424297,3.053642906042577,510.99912464693057,0.0,0,-0.47932069497346225,0.47932069497346225,False
13,5,0.0,4907.042777712149,3.053642906042577,4907.042751908466,0.0,0,-5.258499612907697e-09,5.258499612907697e-09,False
13,5,0.6,4907.042777712149,3.053642906042577,4624.797124589511,0.0,0,-0.05751848229336832,0.05751848229336832,False
13,5,1.0,4907.042777712149,3.053642906042577,4436.633342674427,0.0,0,-0.09586413983883073,0.09586413983883073,False
13,20,0.0,19628.171110848594,3.053642906042577,19628.171007633864,0.0,0,-5.258499612907697e-09,5.258499612907697e-09,False
13,20,0.6,19628.171110848594,3.053642906042577,19345.925419353993,0.0,0,-0.014379622528285521,0.014379622528285521,False
13,20,1.0,19628.171110848594,3.053642906042577,19157.761654319813,0.0,0,-0.023966036054616602,0.023966036054616602,False
14,1,0.0,1009.2826645105433,2.204323779529656,1009.2826639402988,0.0,0,-5.649998339053035e-10,5.649998339053035e-10,False
14,1,0.6,1009.2826645105433,2.204323779529656,719.708053302968,0.0,0,-0.2869113097746566,0.2869113097746566,False
14,1,1.0,1009.2826645105433,2.204323779529656,526.6583070835576,0.0,0,-0.47818552165565714,0.47818552165565714,False
14,5,0.0,5046.413322552717,2.204323779529656,5046.4133507504175,0.0,0,5.587671695328672e-09,5.587671695328672e-09,False
14,5,0.6,5046.413322552717,2.204323779529656,4756.8387013810125,0.0,0,-0.057382263929428495,0.057382263929428495,False
14,5,1.0,5046.413322552717,2.204323779529656,4563.7889595878905,0.0,0,-0.09563710542851288,0.09563710542851288,False
14,20,0.0,20185.653290210867,2.204323779529656,20185.65340300167,0.0,0,5.587671695328672e-09,5.587671695328672e-09,False
14,20,0.6,20185.653290210867,2.204323779529656,19896.078655075777,0.0,0,-0.014345566674105147,0.014345566674105147,False
14,20,1.0,20185.653290210867,2.204323779529656,19703.028885258802,0.0,0,-0.023909278437181707,0.023909278437181707,False
15,1,0.0,806.1973890111534,1.9232005917774913,806.1973874305521,0.0,0,-1.9605636461506034e-09,1.9605636461506034e-09,False
15,1,0.6,806.1973890111534,1.9232005917774913,544.8247970666644,0.0,0,-0.32420421537841654,0.32420421537841654,False
15,1,1.0,806.1973890111534,1.9232005917774913,370.57639827541084,0.0,0,-0.5403403641260316,0.5403403641260316,True
15,5,0.0,4030.986945055767,1.9232005917774913,4030.9869090142606,0.0,0,-8.941112191648372e-09,8.941112191648372e-09,False
15,5,0.6,4030.986945055767,1.9232005917774913,3769.6143467013035,0.0,0,-0.0648408446658583,0.0648408446658583,False
15,5,1.0,4030.986945055767,1.9232005917774913,3595.3659384524626,0.0,0,-0.10806807676160259,0.10806807676160259,False
15,20,0.0,16123.947780223069,1.9232005917774913,16123.947636057042,0.0,0,-8.941112191648372e-09,8.941112191648372e-09,False
15,20,0.6,16123.947780223069,1.9232005917774913,15862.57516935691,0.0,0,-0.016210211942434327,0.016210211942434327,False
15,20,1.0,16123.947780223069,1.9232005917774913,15688.326736978132,0.0,0,-0.027017021462898236,0.027017021462898236,False
16,1,0.0,1058.9121795962492,2.5060413879518286,1058.9121678309973,0.0,0,-1.1110696534182827e-08,1.1110696534182827e-08,False
16,1,0.6,1058.9121795962492,2.5060413879518286,986.8095291921304,0.0,0,-0.06809124665240009,0.06809124665240009,False
16,1,1.0,1058.9121795962492,2.5060413879518286,938.7410977445943,0.0,0,-0.11348540905202802,0.11348540905202802,False
16,5,0.0,5294.560897981246,2.5060413879518286,5294.560899153142,0.0,0,2.2133955378856276e-10,2.2133955378856276e-10,False
16,5,0.6,5294.560897981246,2.5060413879518286,5222.458235434022,0.0,0,-0.013618251623985665,0.013618251623985665,False
16,5,1.0,5294.560897981246,2.5060413879518286,5174.389829110552,0.0,0,-0.022697079358651673,0.022697079358651673,False
16,20,0.0,21178.243591924984,2.5060413879518286,21178.243596612567,0.0,0,2.2133955378856276e-10,2.2133955378856276e-10,False
16,20,0.6,21178.243591924984,2.5060413879518286,21106.140945778043,0.0,0,-0.0034045621316034376,0.0034045621316034376,False
16,20,1.0,21178.243591924984,2.5060413879518286,21058.07246904346,0.0,0,-0.0056742723899606985,0.0056742723899606985,False
17,1,0.0,1043.106769785986,2.554517592808762,1043.1067667962848,0.0,0,-2.866150716380415e-09,2.866150716380415e-09,False
17,1,0.6,1043.106769785986,2.554517592808762,795.6542297667585,0.0,0,-0.23722647305797592,0.23722647305797592,False
17,1,1.0,1043.106769785986,2.554517592808762,630.6858725369467,0.0,0,-0.39537745242862876,0.39537745242862876,False
17,5,0.0,5215.53384892993,2.554517592808762,5215.53385858336,0.0,0,1.8508996001034784e-09,1.8508996001034784e-09,False
17,5,0.6,5215.53384892993,2.554517592808762,4968.081313200543,0.0,0,-0.04744529378908291,0.04744529378908291,False
17,5,1.0,5215.53384892993,2.554517592808762,4803.112957620213,0.0,0,-0.07907548934695027,0.07907548934695027,False
17,20,0.0,20862.13539571972,2.554517592808762,20862.13543433344,0.0,0,1.8508996001034784e-09,1.8508996001034784e-09,False
17,20,0.6,20862.13539571972,2.554517592808762,20614.68285405359,0.0,0,-0.011861323731841018,0.011861323731841018,False
17,20,1.0,20862.13539571972,2.554517592808762,20449.71457929824,0.0,0,-0.019768868747064884,0.019768868747064884,False
18,1,0.0,904.8426964354865,2.398734810459501,904.8427004042844,0.0,0,4.386174492872436e-09,4.386174492872436e-09,False
18,1,0.6,904.8426964354865,2.398734810459501,657.9357764012125,0.0,0,-0.27287275568110636,0.27287275568110636,False
18,1,1.0,904.8426964354865,2.398734810459501,493.3311571531255,0.0,0,-0.4547879326467006,0.4547879326467006,False
18,5,0.0,4524.2134821774325,2.398734810459501,4524.213505637866,0.0,0,5.185527430359206e-09,5.185527430359206e-09,False
18,5,0.6,4524.2134821774325,2.398734810459501,4277.306571277609,0.0,0,-0.05457454911720729,0.05457454911720729,False
18,5,1.0,4524.2134821774325,2.398734810459501,4112.701915647903,0.0,0,-0.0909575925518607,0.0909575925518607,False
18,20,0.0,18096.85392870973,2.398734810459501,18096.854022551463,0.0,0,5.185527430359206e-09,5.185527430359206e-09,False
18,20,0.6,18096.85392870973,2.398734810459501,17849.947074787033,0.0,0,-0.013643634130847036,0.013643634130847036,False
18,20,1.0,18096.85392870973,2.398734810459501,17685.34249899311,0.0,0,-0.022739390577926726,0.022739390577926726,False
19,1,0.0,901.984680053117,2.9809291194455265,901.98467794889,0.0,0,-2.3328855923231506e-09,2.3328855923231506e-09,False
19,1,0.6,901.984680053117,2.9809291194455265,787.9662294061249,0.0,0,-0.12640841154893864,0.12640841154893864,False
19,1,1.0,901.984680053117,2.9809291194455265,711.9539303633024,0.0,0,-0.2106806843755083,0.2106806843755083,False
19,5,0.0,4509.923400265585,2.9809291194455265,4509.923448320896,0.0,0,1.0655460533158954e-08,1.0655460533158954e-08,False
19,5,0.6,4509.923400265585,2.9809291194455265,4395.904963221165,0.0,0,-0.02528167929364499,0.02528167929364499,False
19,5,1.0,4509.923400265585,2.9809291194455265,4319.892653830276,0.0,0,-0.04213613615346956,0.04213613615346956,False
19,20,0.0,18039.69360106234,2.9809291194455265,18039.693793283583,0.0,0,1.0655460533158954e-08,1.0655460533158954e-08,False
19,20,0.6,18039.69360106234,2.9809291194455265,17925.675224257924,0.0,0,-0.006320416484108183,0.006320416484108183,False
19,20,1.0,18039.69360106234,2.9809291194455265,17849.662881920085,0.0,0,-0.01053403252542292,0.01053403252542292,False
20,1,0.0,987.3117199709554,1.585204429170375,987.3117064381785,0.0,0,-1.3706691298725779e-08,1.3706691298725779e-08,False
20,1,0.6,987.3117199709554,1.585204429170375,867.6242930610629,0.0,0,-0.12122557090015453,0.12122557090015453,False
20,1,1.0,987.3117199709554,1.585204429170375,787.8326738432254,0.0,0,-0.20204261946125615,0.20204261946125615,False
20,5,0.0,4936.558599854778,1.585204429170375,4936.558635852609,0.0,0,7.292090327875645e-09,7.292090327875645e-09,False
20,5,0.6,4936.558599854778,1.585204429170375,4816.871192545139,0.0,0,-0.024245110209602225,0.024245110209602225,False
20,5,1.0,4936.558599854778,1.585204429170375,4737.079547570176,0.0,0,-0.04040852513945033,0.04040852513945033,False
20,20,0.0,19746.23439941911,1.585204429170375,19746.234543410435,0.0,0,7.292090327875645e-09,7.292090327875645e-09,False
20,20,0.6,19746.23439941911,1.585204429170375,19626.546983144395,0.0,0,-0.006061278006415051,0.006061278006415051,False
20,20,1.0,19746.23439941911,1.585204429170375,19546.755382084782,0.0,0,-0.010102129514891017,0.010102129514891017,False
21,1,0.0,865.1562625638097,1.7074304626543007,865.1562603521116,0.0,0,-2.556414569441074e-09,2.556414569441074e-09,False
21,1,0.6,865.1562625638097,1.7074304626543007,854.0795591576446,0.0,0,-0.012803124574675551,0.012803124574675551,False
21,1,1.0,865.1562625638097,1.7074304626543007,846.6951050952889,0.0,0,-0.02133852376426531,0.02133852376426531,False
21,5,0.0,4325.781312819048,1.7074304626543007,4325.781280268958,0.0,0,-7.524673152735818e-09,7.524673152735818e-09,False
21,5,0.6,4325.781312819048,1.7074304626543007,4314.704601150397,0.0,0,-0.0025606268249914335,0.0025606268249914335,False
21,5,1.0,4325.781312819048,1.7074304626543007,4307.320161607857,0.0,0,-0.004267703306333024,0.004267703306333024,False
21,20,0.0,17303.125251276193,1.7074304626543007,17303.12512107583,0.0,0,-7.524673152735818e-09,7.524673152735818e-09,False
21,20,0.6,17303.125251276193,1.7074304626543007,17292.048636719363,0.0,0,-0.0006401510938617004,0.0006401510938617004,False
21,20,1.0,17303.125251276193,1.7074304626543007,17284.66414270886,0.0,0,-0.0010669233620654623,0.0010669233620654623,False
22,1,0.0,888.7095782271771,3.1396769290897613,888.7095798586156,0.0,0,1.835738650761906e-09,1.835738650761906e-09,False
22,1,0.6,888.7095782271771,3.1396769290897613,655.7443306131906,0.0,0,-0.2621387833792813,0.2621387833792813,False
22,1,1.0,888.7095782271771,3.1396769290897613,500.4341653469229,0.0,0,-0.4368979725129068,0.4368979725129068,False
22,5,0.0,4443.547891135885,3.1396769290897613,4443.547909948606,0.0,0,4.233716169062636e-09,4.233716169062636e-09,False
22,5,0.6,4443.547891135885,3.1396769290897613,4210.582637519471,0.0,0,-0.05242775802667496,0.05242775802667496,False
22,5,1.0,4443.547891135885,3.1396769290897613,4055.2724754514866,0.0,0,-0.08737959513364113,0.08737959513364113,False
22,20,0.0,17774.19156454354,3.1396769290897613,17774.191639794422,0.0,0,4.233716169062636e-09,4.233716169062636e-09,False
22,20,0.6,17774.19156454354,3.1396769290897613,17541.226292313935,0.0,0,-0.013106940553871982,0.013106940553871982,False
22,20,1.0,17774.19156454354,3.1396769290897613,17385.916128477795,0.0,0,-0.02184489993009236,0.02184489993009236,False
23,1,0.0,940.4138586977771,1.8804603381676661,940.4138716383203,0.0,0,1.3760476953091534e-08,1.3760476953091534e-08,False
23,1,0.6,940.4138586977771,1.8804603381676661,746.8227021931561,0.0,0,-0.20585740492243826,0.20585740492243826,False
23,1,1.0,940.4138586977771,1.8804603381676661,617.7619361590534,0.0,0,-0.34309566958691,0.34309566958691,False
23,5,0.0,4702.069293488886,1.8804603381676661,4702.06928638339,0.0,0,-1.511142249550183e-09,1.511142249550183e-09,False
23,5,0.6,4702.069293488886,1.8804603381676661,4508.478142809795,0.0,0,-0.04117147974555862,0.04117147974555862,False
23,5,1.0,4702.069293488886,1.8804603381676661,4379.417328660829,0.0,0,-0.06861914291115265,0.06861914291115265,False
23,20,0.0,18808.277173955543,1.8804603381676661,18808.27714553356,0.0,0,-1.511142249550183e-09,1.511142249550183e-09,False
23,20,0.6,18808.277173955543,1.8804603381676661,18614.686016321484,0.0,0,-0.010292870306171946,0.010292870306171946,False
23,20,1.0,18808.277173955543,1.8804603381676661,18485.625234037674,0.0,0,-0.01715478440336129,0.01715478440336129,False
24,1,0.0,1190.4991095932342,1.5594399177315204,1190.4991140940517,0.0,0,3.780613972126272e-09,3.780613972126272e-09,False
24,1,0.6,1190.4991095932342,1.5594399177315204,1185.5385629428697,0.0,0,-0.004166778967234467,0.004166778967234467,False
24,1,1.0,1190.4991095932342,1.5594399177315204,1182.2315458565486,0.0,0,-0.006944619840589736,0.006944619840589736,False
24,5,0.0,5952.495547966171,1.5594399177315204,5952.495478978897,0.0,0,-1.1589638918051613e-08,1.1589638918051613e-08,False
24,5,0.6,5952.495547966171,1.5594399177315204,5947.535005346163,0.0,0,-0.0008333551163600116,0.0008333551163600116,False
24,5,1.0,5952.495547966171,1.5594399177315204,5944.227995180857,0.0,0,-0.0013889221283230014,0.0013889221283230014,False
24,20,0.0,23809.982191864685,1.5594399177315204,23809.98191591559,0.0,0,-1.1589638918051613e-08,1.1589638918051613e-08,False
24,20,0.6,23809.982191864685,1.5594399177315204,23805.021564605802,0.0,0,-0.0002083423338543078,0.0002083423338543078,False
24,20,1.0,23809.982191864685,1.5594399177315204,23801.714553871527,0.0,0,-0.000347234110741292,0.000347234110741292,False
25,1,0.0,978.8267980297543,3.8933081481366223,978.8267984963646,0.0,0,4.767036885057323e-10,4.767036885057323e-10,False
25,1,0.6,978.8267980297543,3.8933081481366223,1063.0512694928073,0.0,0,0.08604634817169433,0.08604634817169433,False
25,1,1.0,978.8267980297543,3.8933081481366223,1119.2009141122496,0.0,0,0.14341057719818195,0.14341057719818195,False
25,5,0.0,4894.133990148772,3.8933081481366223,4894.133968566198,0.0,0,-4.409886198349411e-09,4.409886198349411e-09,False
25,5,0.6,4894.133990148772,3.8933081481366223,4978.358447792111,0.0,0,0.01720926681060877,0.01720926681060877,False
25,5,1.0,4894.133990148772,3.8933081481366223,5034.5080951097025,0.0,0,0.028682113167208898,0.028682113167208898,False
25,20,0.0,19576.535960595087,3.8933081481366223,19576.53587426479,0.0,0,-4.409886198349411e-09,4.409886198349411e-09,False
25,20,0.6,19576.535960595087,3.8933081481366223,19660.760404986984,0.0,0,0.00430231602574784,0.00430231602574784,False
25,20,1.0,19576.535960595087,3.8933081481366223,19716.910070474525,0.0,0,0.007170528543047253,0.007170528543047253,False
26,1,0.0,964.4732981125667,3.3658077000314623,964.4732982850463,0.0,0,1.788329911531734e-10,1.788329911531734e-10,False
26,1,0.6,964.4732981125667,3.3658077000314623,653.0784817649558,0.0,0,-0.32286515029187157,0.32286515029187157,False
26,1,1.0,964.4732981125667,3.3658077000314623,445.481930966044,0.0,0,-0.5381085906288611,0.5381085906288611,True
26,5,0.0,4822.366490562834,3.3658077000314623,4822.366503212093,0.0,0,2.6230398732592315e-09,2.6230398732592315e-09,False
26,5,0.6,4822.366490562834,3.3658077000314623,4510.971646510011,0.0,0,-0.06457303580352289,0.06457303580352289,False
26,5,1.0,4822.366490562834,3.3658077000314623,4303.3751321911295,0.0,0,-0.10762171630616386,0.10762171630616386,False
26,20,0.0,19289.465962251335,3.3658077000314623,19289.466012848374,0.0,0,2.6230398732592315e-09,2.6230398732592315e-09,False
26,20,0.6,19289.465962251335,3.3658077000314623,18978.071122021,0.0,0,-0.016143258752716237,0.016143258752716237,False
26,20,1.0,19289.465962251335,3.3658077000314623,18770.474594654304,0.0,0,-0.026905429554798205,0.026905429554798205,False
27,1,0.0,971.0335999383901,2.6877060717986128,971.033609709615,0.0,0,1.0062705226966979e-08,1.0062705226966979e-08,False
27,1,0.6,971.0335999383901,2.6877060717986128,965.6161642277075,0.0,0,-0.005579040427670436,0.005579040427670436,False
27,1,1.0,971.0335999383901,2.6877060717986128,962.0045459853858,0.0,0,-0.009298394981983331,0.009298394981983331,False
27,5,0.0,4855.16799969195,2.6877060717986128,4855.168033924434,0.0,0,7.0507310591783945e-09,7.0507310591783945e-09,False
27,5,0.6,4855.16799969195,2.6877060717986128,4849.750560150853,0.0,0,-0.0011158088744696502,0.0011158088744696502,False
27,5,1.0,4855.16799969195,2.6877060717986128,4846.138963769203,0.0,0,-0.0018596752827750344,0.0018596752827750344,False
27,20,0.0,19420.6719987678,2.6877060717986128,19420.672135697736,0.0,0,7.0507310591783945e-09,7.0507310591783945e-09,False
27,20,0.6,19420.6719987678,2.6877060717986128,19415.25455171509,0.0,0,-0.0002789526054018219,0.0002789526054018219,False
27,20,1.0,19420.6719987678,2.6877060717986128,19411.642979914584,0.0,0,-0.0004649179417575833,0.0004649179417575833,False
28,1,0.0,1086.2295245934527,3.4902919358049687,1086.2295196079524,0.0,0,-4.5897300170259165e-09,4.5897300170259165e-09,False
28,1,0.6,1086.2295245934527,3.4902919358049687,1132.7961021101235,0.0,0,0.04286992432294589,0.04286992432294589,False
28,1,1.0,1086.2295245934527,3.4902919358049687,1163.8404846514,0.0,0,0.0714498715978053,0.0714498715978053,False
28,5,0.0,5431.1476229672635,3.4902919358049687,5431.147574726871,0.0,0,-8.88217286847753e-09,8.88217286847753e-09,False
28,5,0.6,5431.1476229672635,3.4902919358049687,5477.71419515234,0.0,0,0.008573983882919236,0.008573983882919236,False
28,5,1.0,5431.1476229672635,3.4902919358049687,5508.758575372002,0.0,0,0.014289972910428213,0.014289972910428213,False
28,20,0.0,21724.590491869054,3.4902919358049687,21724.590298907486,0.0,0,-8.88217286847753e-09,8.88217286847753e-09,False
28,20,0.6,21724.590491869054,3.4902919358049687,21771.157096742885,0.0,0,0.0021434974754189224,0.0021434974754189224,False
28,20,1.0,21724.590491869054,3.4902919358049687,21802.20147500213,0.0,0,0.003572494642056599,0.003572494642056599,False
29,1,0.0,1044.3295332306118,3.639892395801414,1044.3295375633468,0.0,0,4.148819745777526e-09,4.148819745777526e-09,False
29,1,0.6,1044.3295332306118,3.639892395801414,1066.1505573809034,0.0,0,0.02089476880232305,0.02089476880232305,False
29,1,1.0,1044.3295332306118,3.639892395801414,1080.6979153609584,0.0,0,0.03482462285428411,0.03482462285428411,False
29,5,0.0,5221.647666153059,3.639892395801414,5221.647679563118,0.0,0,2.5681662263677306e-09,2.5681662263677306e-09,False
29,5,0.6,5221.647666153059,3.639892395801414,5243.468687579066,0.0,0,0.004178953238735706,0.004178953238735706,False
29,5,1.0,5221.647666153059,3.639892395801414,5258.016034868067,0.0,0,0.006964922001679668,0.006964922001679668,False
29,20,0.0,20886.590664612235,3.639892395801414,20886.59071825247,0.0,0,2.5681662263677306e-09,2.5681662263677306e-09,False
29,20,0.6,20886.590664612235,3.639892395801414,20908.411655866712,0.0,0,0.0010447368651432436,0.0010447368651432436,False
29,20,1.0,20886.590664612235,3.639892395801414,20922.959074708222,0.0,0,0.0017412324816421824,0.0017412324816421824,False
30,1,0.0,1070.1028197765934,2.9137535227283573,1070.102821841363,0.0,0,1.9295058586690846e-09,1.9295058586690846e-09,False
30,1,0.6,1070.1028197765934,2.9137535227283573,849.3047756686226,0.0,0,-0.20633348499545778,0.20633348499545778,False
30,1,1.0,1070.1028197765934,2.9137535227283573,702.1060764802893,0.0,0,-0.34388914457129566,0.34388914457129566,False
30,5,0.0,5350.514098882967,2.9137535227283573,5350.514105786964,0.0,0,1.2903427392084059e-09,1.2903427392084059e-09,False
30,5,0.6,5350.514098882967,2.9137535227283573,5129.716039465224,0.0,0,-0.041266699860456335,0.041266699860456335,False
30,5,1.0,5350.514098882967,2.9137535227283573,4982.51734552423,0.0,0,-0.06877783079490697,0.06877783079490697,False
30,20,0.0,21402.05639553187,2.9137535227283573,21402.056423147857,0.0,0,1.2903427392084059e-09,1.2903427392084059e-09,False
30,20,0.6,21402.05639553187,2.9137535227283573,21181.258310156772,0.0,0,-0.010316676177957939,0.010316676177957939,False
30,20,1.0,21402.05639553187,2.9137535227283573,21034.059716236618,0.0,0,-0.017194454238148724,0.017194454238148724,False
31,1,0.0,821.6394555622828,1.865523458787838,821.6394488580993,0.0,0,-8.159519955220264e-09,8.159519955220264e-09,False
31,1,0.6,821.6394555622828,1.865523458787838,665.985072354938,0.0,0,-0.1894436570123375,0.1894436570123375,False
31,1,1.0,821.6394555622828,1.865523458787838,562.2154773309055,0.0,0,-0.31573943592307463,0.31573943592307463,False
31,5,0.0,4108.197277811414,1.865523458787838,4108.1971911477185,0.0,0,-2.109531011363211e-08,2.109531011363211e-08,False
31,5,0.6,4108.197277811414,1.865523458787838,3952.542895133849,0.0,0,-0.03788873127351076,0.03788873127351076,False
31,5,1.0,4108.197277811414,1.865523458787838,3848.773311498173,0.0,0,-0.06314788428355265,0.06314788428355265,False
31,20,0.0,16432.789111245656,1.865523458787838,16432.788764590874,0.0,0,-2.109531011363211e-08,2.109531011363211e-08,False
31,20,0.6,16432.789111245656,1.865523458787838,16277.134699303528,0.0,0,-0.009472184599241755,0.009472184599241755,False
31,20,1.0,16432.789111245656,1.865523458787838,16173.365173836552,0.0,0,-0.015786969311957517,0.015786969311957517,False
32,1,0.0,992.893442642472,2.1084861858108326,992.8934373818269,0.0,0,-5.298297796246506e-09,5.298297796246506e-09,False
32,1,0.6,992.893442642472,2.1084861858108326,771.2780729263571,0.0,0,-0.22320156443606975,0.22320156443606975,False
32,1,1.0,992.893442642472,2.1084861858108326,623.5344972091167,0.0,0,-0.3720026032706479,0.3720026032706479,False
32,5,0.0,4964.46721321236,2.1084861858108326,4964.46721066037,0.0,0,-5.140510094799915e-10,5.140510094799915e-10,False
32,5,0.6,4964.46721321236,2.1084861858108326,4742.851851832729,0.0,0,-0.044640311207983535,0.044640311207983535,False
32,5,1.0,4964.46721321236,2.1084861858108326,4595.10828112973,0.0,0,-0.07440051796487307,0.07440051796487307,False
32,20,0.0,19857.86885284944,2.1084861858108326,19857.86884264148,0.0,0,-5.140510094799915e-10,5.140510094799915e-10,False
32,20,0.6,19857.86885284944,2.1084861858108326,19636.253530713402,0.0,0,-0.011160075825772033,0.011160075825772033,False
32,20,1.0,19857.86885284944,2.1084861858108326,19488.50990640137,0.0,0,-0.018600130214631184,0.018600130214631184,False
33,1,0.0,1163.9073027595266,2.619999574258962,1163.907316431143,0.0,0,1.1746310389989784e-08,1.1746310389989784e-08,False
33,1,0.6,1163.9073027595266,2.619999574258962,1079.3872894418907,0.0,0,-0.07261747831399115,0.07261747831399115,False
33,1,1.0,1163.9073027595266,2.619999574258962,1023.0406189637965,0.0,0,-0.12102912616988223,0.12102912616988223,False
33,5,0.0,5819.536513797633,2.619999574258962,5819.53649659093,0.0,0,-2.95671363814031e-09,2.95671363814031e-09,False
33,5,0.6,5819.536513797633,2.619999574258962,5735.016522444118,0.0,0,-0.01452349188859378,0.01452349188859378,False
33,5,1.0,5819.536513797633,2.619999574258962,5678.66982465106,0.0,0,-0.024205826153438602,0.024205826153438602,False
33,20,0.0,23278.146055190533,2.619999574258962,23278.14598636372,0.0,0,-2.95671363814031e-09,2.95671363814031e-09,False
33,20,0.6,23278.146055190533,2.619999574258962,23193.625987014246,0.0,0,-0.0036308762723585106,0.0036308762723585106,False
33,20,1.0,23278.146055190533,2.619999574258962,23137.279412534877,0.0,0,-0.006051454541168038,0.006051454541168038,False
34,1,0.0,848.4033650363684,3.605370318358583,848.4033655900364,0.0,0,6.525999265300817e-10,6.525999265300817e-10,False
34,1,0.6,848.4033650363684,3.605370318358583,629.6588874060142,0.0,0,-0.25783075202793115,0.25783075202793115,False
34,1,1.0,848.4033650363684,3.605370318358583,483.8292433857915,0.0,0,-0.42971791093137496,0.42971791093137496,False
34,5,0.0,4242.016825181842,3.605370318358583,4242.01679417664,0.0,0,-7.309070936803051e-09,7.309070936803051e-09,False
34,5,0.6,4242.016825181842,3.605370318358583,4023.272337841662,0.0,0,-0.0515661526945507,0.0515661526945507,False
34,5,1.0,4242.016825181842,3.605370318358583,3877.442707787067,0.0,0,-0.08594358118302542,0.08594358118302542,False
34,20,0.0,16968.06730072737,3.605370318358583,16968.06717670656,0.0,0,-7.309070936803051e-09,7.309070936803051e-09,False
34,20,0.6,16968.06730072737,3.605370318358583,16749.32274530672,0.0,0,-0.012891542185907807,0.012891542185907807,False
34,20,1.0,16968.06730072737,3.605370318358583,16603.49313238089,0.0,0,-0.021485898298555905,0.021485898298555905,False
35,1,0.0,912.1227635512217,3.454222554798097,912.1227683470709,0.0,0,5.257898732405725e-09,5.257898732405725e-09,False
35,1,0.6,912.1227635512217,3.454222554798097,842.3729094205387,0.0,0,-0.07646980967684854,0.07646980967684854,False
35,1,1.0,912.1227635512217,3.454222554798097,795.8730046777358,0.0,0,-0.1274496849753906,0.1274496849753906,False
35,5,0.0,4560.613817756109,3.454222554798097,4560.6138341032665,0.0,0,3.584420514099233e-09,3.584420514099233e-09,False
35,5,0.6,4560.613817756109,3.454222554798097,4490.86396179429,0.0,0,-0.015293962336880533,0.015293962336880533,False
35,5,1.0,4560.613817756109,3.454222554798097,4444.36404909412,0.0,0,-0.02548993914139077,0.02548993914139077,False
35,20,0.0,18242.455271024435,3.454222554798097,18242.455336413066,0.0,0,3.584420514099233e-09,3.584420514099233e-09,False
35,20,0.6,18242.455271024435,3.454222554798097,18172.70541920283,0.0,0,-0.0038234903572652882,0.0038234903572652882,False
35,20,1.0,18242.455271024435,3.454222554798097,18126.20547378674,0.0,0,-0.006372486351787383,0.006372486351787383,False
36,1,0.0,936.254710289414,2.8781512937699034,936.2547141630137,0.0,0,4.1373353044134555e-09,4.1373353044134555e-09,False
36,1,0.6,936.254710289414,2.8781512937699034,849.7486955170164,0.0,0,-0.09239581261562571,0.09239581261562571,False
36,1,1.0,936.254710289414,2.8781512937699034,792.0780236501882,0.0,0,-0.15399301606147114,0.15399301606147114,False
36,5,0.0,4681.27355144707,2.8781512937699034,4681.273580486978,0.0,0,6.203420526799212e-09,6.203420526799212e-09,False
36,5,0.6,4681.27355144707,2.8781512937699034,4594.767541995826,0.0,0,-0.018479161386435763,0.018479161386435763,False
36,5,1.0,4681.27355144707,2.8781512937699034,4537.096879839464,0.0,0,-0.03079860000128334,0.03079860000128334,False
36,20,0.0,18725.09420578828,2.8781512937699034,18725.094321947912,0.0,0,6.203420526799212e-09,6.203420526799212e-09,False
36,20,0.6,18725.09420578828,2.8781512937699034,18638.588223373696,0.0,0,-0.004619788902735785,0.004619788902735785,False
36,20,1.0,18725.09420578828,2.8781512937699034,18580.91751345132,0.0,0,-0.007699651107356782,0.007699651107356782,False
37,1,0.0,1135.994608548135,1.9308791379084627,1135.994585409583,0.0,0,-2.0368540351886468e-08,2.0368540351886468e-08,False
37,1,0.6,1135.994608548135,1.9308791379084627,852.5822504710959,0.0,0,-0.24948389362450935,0.24948389362450935,False
37,1,1.0,1135.994608548135,1.9308791379084627,663.6406721820933,0.0,0,-0.4158064948650914,0.4158064948650914,False
37,5,0.0,5679.973042740675,1.9308791379084627,5679.973017834573,0.0,0,-4.384897963164199e-09,4.384897963164199e-09,False
37,5,0.6,5679.973042740675,1.9308791379084627,5396.560680942484,0.0,0,-0.04989677938003727,0.04989677938003727,False
37,5,1.0,5679.973042740675,1.9308791379084627,5207.619091669694,0.0,0,-0.08316130156192829,0.08316130156192829,False
37,20,0.0,22719.8921709627,1.9308791379084627,22719.89207133829,0.0,0,-4.384897963164199e-09,4.384897963164199e-09,False
37,20,0.6,22719.8921709627,1.9308791379084627,22436.479807786513,0.0,0,-0.012474194905660851,0.012474194905660851,False
37,20,1.0,22719.8921709627,1.9308791379084627,22247.538324869354,0.0,0,-0.02079032076996562,0.02079032076996562,False
38,1,0.0,1170.62587737674,2.744112071693311,1170.6258755861159,0.0,0,-1.529629677074608e-09,1.529629677074608e-09,False
38,1,0.6,1170.62587737674,2.744112071693311,1286.6027331076552,0.0,0,0.09907252007004004,0.09907252007004004,False
38,1,1.0,1170.62587737674,2.744112071693311,1363.9206374601074,0.0,0,0.16512086723772282,0.16512086723772282,False
38,5,0.0,5853.1293868837,2.744112071693311,5853.129412600083,0.0,0,4.39361257531906e-09,4.39361257531906e-09,False
38,5,0.6,5853.1293868837,2.744112071693311,5969.106263729885,0.0,0,0.019814507621525933,0.019814507621525933,False
38,5,1.0,5853.1293868837,2.744112071693311,6046.424149690345,0.0,0,0.03302417391281319,0.03302417391281319,False
38,20,0.0,23412.5175475348,2.744112071693311,23412.517650400332,0.0,0,4.39361257531906e-09,4.39361257531906e-09,False
38,20,0.6,23412.5175475348,2.744112071693311,23528.49441413095,0.0,0,0.0049536264675799834,0.0049536264675799834,False
38,20,1.0,23412.5175475348,2.744112071693311,23605.812308295346,0.0,0,0.008256043390809905,0.008256043390809905,False
39,1,0.0,932.7075861836273,2.960357088213703,932.7075816641515,0.0,0,-4.845544218023723e-09,4.845544218023723e-09,False
39,1,0.6,932.7075861836273,2.960357088213703,1008.4508381062269,0.0,0,0.0812079295211046,0.0812079295211046,False
39,1,1.0,932.7075861836273,2.960357088213703,1058.946329478431,0.0,0,0.13534653857736534,0.13534653857736534,False
39,5,0.0,4663.537930918136,2.960357088213703,4663.53790936667,0.0,0,-4.621269690091726e-09,4.621269690091726e-09,False
39,5,0.6,4663.537930918136,2.960357088213703,4739.281172224674,0.0,0,0.01624158362782439,0.01624158362782439,False
39,5,1.0,4663.537930918136,2.960357088213703,4789.77666937248,0.0,0,0.027069306677535748,0.027069306677535748,False
39,20,0.0,18654.151723672545,2.960357088213703,18654.15163746668,0.0,0,-4.621269690091726e-09,4.621269690091726e-09,False
39,20,0.6,18654.151723672545,2.960357088213703,18729.894919458675,0.0,0,0.004060393466726772,0.004060393466726772,False
39,20,1.0,18654.151723672545,2.960357088213703,18780.390462547457,0.0,0,0.00676732669192951,0.00676732669192951,False
40,1,0.0,974.9526841111823,2.865923223608786,974.9526820619394,0.0,0,-2.1018895723576695e-09,2.1018895723576695e-09,False
40,1,0.6,974.9526841111823,2.865923223608786,924.2806766014334,0.0,0,-0.051973811996778266,0.051973811996778266,False
40,1,1.0,974.9526841111823,2.865923223608786,890.499339831958,0.0,0,-0.08662301838392947,0.08662301838392947,False
40,5,0.0,4874.763420555912,2.865923223608786,4874.763396986368,0.0,0,-4.835012766696783e-09,4.835012766696783e-09,False
40,5,0.6,4874.763420555912,2.865923223608786,4824.091429851399,0.0,0,-0.01039475895196039,0.01039475895196039,False
40,5,1.0,4874.763420555912,2.865923223608786,4790.310087561513,0.0,0,-0.017324601361837548,0.017324601361837548,False
40,20,0.0,19499.053682223646,2.865923223608786,19499.053587945473,0.0,0,-4.835012766696783e-09,4.835012766696783e-09,False
40,20,0.6,19499.053682223646,2.865923223608786,19448.38172505441,0.0,0,-0.0025986880181489334,0.0025986880181489334,False
40,20,1.0,19499.053682223646,2.865923223608786,19414.60032196618,0.0,0,-0.004331151738633277,0.004331151738633277,False
41,1,0.0,931.7931789501348,3.2115878899092847,931.7931854698144,0.0,0,6.996917041664161e-09,6.996917041664161e-09,False
41,1,0.6,931.7931789501348,3.2115878899092847,868.9358940926343,0.0,0,-0.06745840845102855,0.06745840845102855,False
41,1,1.0,931.7931789501348,3.2115878899092847,827.0310389108604,0.0,0,-0.11243067926008159,0.11243067926008159,False
41,5,0.0,4658.965894750674,3.2115878899092847,4658.965886428936,0.0,0,-1.7861771187043565e-09,1.7861771187043565e-09,False
41,5,0.6,4658.965894750674,3.2115878899092847,4596.1086119543415,0.0,0,-0.013491681247796816,0.013491681247796816,False
41,5,1.0,4658.965894750674,3.2115878899092847,4554.203760858169,0.0,0,-0.02248613453267442,0.02248613453267442,False
41,20,0.0,18635.863579002696,3.2115878899092847,18635.863545715743,0.0,0,-1.7861771187043565e-09,1.7861771187043565e-09,False
41,20,0.6,18635.863579002696,3.2115878899092847,18573.006321374076,0.0,0,-0.003372918961450371,0.003372918961450371,False
41,20,1.0,18635.863579002696,3.2115878899092847,18531.101354375958,0.0,0,-0.005621538501965397,0.005621538501965397,False
42,1,0.0,1098.578651211684,1.9790873208787048,1098.578647348174,0.0,0,-3.5168261001445334e-09,3.5168261001445334e-09,False
42,1,0.6,1098.578651211684,1.9790873208787048,1026.060050853334,0.0,0,-0.06601129584883639,0.06601129584883639,False
42,1,1.0,1098.578651211684,1.9790873208787048,977.714310241763,0.0,0,-0.11001883282240464,0.11001883282240464,False
42,5,0.0,5492.89325605842,1.9790873208787048,5492.893214316989,0.0,0,-7.599170289050895e-09,7.599170289050895e-09,False
42,5,0.6,5492.89325605842,1.9790873208787048,5420.3746612524055,0.0,0,-0.013202258158945563,0.013202258158945563,False
42,5,1.0,5492.89325605842,1.9790873208787048,5372.028930201611,0.0,0,-0.02200376381308721,0.02200376381308721,False
42,20,0.0,21971.57302423368,1.9790873208787048,21971.572857267955,0.0,0,-7.599170289050895e-09,7.599170289050895e-09,False
42,20,0.6,21971.57302423368,1.9790873208787048,21899.054446254908,0.0,0,-0.003300563773872123,0.003300563773872123,False
42,20,1.0,21971.57302423368,1.9790873208787048,21850.708558776023,0.0,0,-0.005500947306974711,0.005500947306974711,False
43,1,0.0,951.7409390203562,3.5346256774392906,951.7409338951817,0.0,0,-5.3850520964922645e-09,5.3850520964922645e-09,False
43,1,0.6,951.7409390203562,3.5346256774392906,1473.1360504243912,0.0,0,0.5478330184479783,0.5478330184479783,True
43,1,1.0,951.7409390203562,3.5346256774392906,1820.7327980767125,0.0,0,0.9130550378034856,0.9130550378034856,True
43,5,0.0,4758.704695101781,3.5346256774392906,4758.7046863677715,0.0,0,-1.8353753925616055e-09,1.8353753925616055e-09,False
43,5,0.6,4758.704695101781,3.5346256774392906,5280.099818635264,0.0,0,0.10956660623849254,0.10956660623849254,False
43,5,1.0,4758.704695101781,3.5346256774392906,5627.696554213414,0.0,0,0.18261100757231305,0.18261100757231305,False
43,20,0.0,19034.818780407124,3.5346256774392906,19034.818745471086,0.0,0,-1.8353753925616055e-09,1.8353753925616055e-09,False
43,20,0.6,19034.818780407124,3.5346256774392906,19556.213882749227,0.0,0,0.02739165044632757,0.02739165044632757,False
43,20,1.0,19034.818780407124,3.5346256774392906,19903.810643344626,0.0,0,0.04565275209407148,0.04565275209407148,False
44,1,0.0,875.8477356767364,1.7659886597281427,875.8477399792868,0.0,0,4.912441012384885e-09,4.912441012384885e-09,False
44,1,0.6,875.8477356767364,1.7659886597281427,957.8090185315198,0.0,0,0.09357937403520805,0.09357937403520805,False
44,1,1.0,875.8477356767364,1.7659886597281427,1012.4498768225292,0.0,0,0.1559656268794771,0.1559656268794771,False
44,5,0.0,4379.238678383682,1.7659886597281427,4379.238691457337,0.0,0,2.9853717145966815e-09,2.9853717145966815e-09,False
44,5,0.6,4379.238678383682,1.7659886597281427,4461.1999511106305,0.0,0,0.018715872494348598,0.018715872494348598,False
44,5,1.0,4379.238678383682,1.7659886597281427,4515.840810866662,0.0,0,0.03119312339774042,0.03119312339774042,False
44,20,0.0,17516.954713534727,1.7659886597281427,17516.95476582935,0.0,0,2.9853717145966815e-09,2.9853717145966815e-09,False
44,20,0.6,17516.954713534727,1.7659886597281427,17598.916015829145,0.0,0,0.004678969811521469,0.004678969811521469,False
44,20,1.0,17516.954713534727,1.7659886597281427,17653.556838362023,0.0,0,0.007798280412390853,0.007798280412390853,False
45,1,0.0,1023.5803696112165,2.8330307779248143,1023.5803667772827,0.0,0,-2.768648019588033e-09,2.768648019588033e-09,False
45,1,0.6,1023.5803696112165,2.8330307779248143,835.3433535026462,0.0,0,-0.18390057263414283,0.18390057263414283,False
45,1,1.0,1023.5803696112165,2.8330307779248143,709.8520125030886,0.0,0,-0.3065009513882045,0.3065009513882045,False
45,5,0.0,5117.901848056083,2.8330307779248143,5117.901849718706,0.0,0,3.2486430314804756e-10,3.2486430314804756e-10,False
45,5,0.6,5117.901848056083,2.8330307779248143,4929.664845019716,0.0,0,-0.036780111972617026,0.036780111972617026,False
45,5,1.0,5117.901848056083,2.8330307779248143,4804.173475708711,0.0,0,-0.06130019325527599,0.06130019325527599,False
45,20,0.0,20471.60739222433,2.8330307779248143,20471.607398874825,0.0,0,3.2486430314804756e-10,3.2486430314804756e-10,False
45,20,0.6,20471.60739222433,2.8330307779248143,20283.370347779204,0.0,0,-0.009195030015895271,0.009195030015895271,False
45,20,1.0,20471.60739222433,2.8330307779248143,20157.879006149968,0.0,0,-0.015325048984357003,0.015325048984357003,False
46,1,0.0,802.5151396470877,3.3085222474611493,802.5151374435623,0.0,0,-2.74577432860274e-09,2.74577432860274e-09,False
46,1,0.6,802.5151396470877,3.3085222474611493,793.1306987444559,0.0,0,-0.011693786744956226,0.011693786744956226,False
46,1,1.0,802.5151396470877,3.3085222474611493,786.8744098593254,0.0,0,-0.019489638282264004,0.019489638282264004,False
46,5,0.0,4012.5756982354387,3.3085222474611493,4012.5756723953114,0.0,0,-6.439785640785876e-09,6.439785640785876e-09,False
46,5,0.6,4012.5756982354387,3.3085222474611493,4003.191260633599,0.0,0,-0.0023387565263794314,0.0023387565263794314,False
46,5,1.0,4012.5756982354387,3.3085222474611493,3996.934960165178,0.0,0,-0.003897929720587933,0.003897929720587933,False
46,20,0.0,16050.302792941755,3.3085222474611493,16050.302689581245,0.0,0,-6.439785640785876e-09,6.439785640785876e-09,False
46,20,0.6,16050.302792941755,3.3085222474611493,16040.91836041022,0.0,0,-0.0005846888156939811,0.0005846888156939811,False
46,20,1.0,16050.302792941755,3.3085222474611493,16034.662056048322,0.0,0,-0.0009744823568257254,0.0009744823568257254,False
47,1,0.0,809.3270339568414,3.8490024670302896,809.3270366388206,0.0,0,3.3138385690570243e-09,3.3138385690570243e-09,False
47,1,0.6,809.3270339568414,3.8490024670302896,1073.0846155170177,0.0,0,0.3258974067264897,0.3258974067264897,False
47,1,1.0,809.3270339568414,3.8490024670302896,1248.923007340329,0.0,0,0.5431623496305075,0.5431623496305075,True
47,5,0.0,4046.6351697842074,3.8490024670302896,4046.6351470153477,0.0,0,-5.626615386007476e-09,5.626615386007476e-09,False
47,5,0.6,4046.6351697842074,3.8490024670302896,4310.39274443504,0.0,0,0.06517947963786863,0.06517947963786863,False
47,5,1.0,4046.6351697842074,3.8490024670302896,4486.231145787938,0.0,0,0.108632470573613,0.108632470573613,False
47,20,0.0,16186.54067913683,3.8490024670302896,16186.54058806139,0.0,0,-5.626615386007476e-09,5.626615386007476e-09,False
47,20,0.6,16186.54067913683,3.8490024670302896,16450.298309283695,0.0,0,0.01629487333799667,0.01629487333799667,False
47,20,1.0,16186.54067913683,3.8490024670302896,16626.13661308872,0.0,0,0.027158115045452336,0.027158115045452336,False
48,1,0.0,859.3472871123545,3.7208801635452917,859.3472864018562,0.0,0,-8.267883018447904e-10,8.267883018447904e-10,False
48,1,0.6,859.3472871123545,3.7208801635452917,604.8933540027676,0.0,0,-0.2961013980327124,0.2961013980327124,False
48,1,1.0,859.3472871123545,3.7208801635452917,435.2574040500647,0.0,0,-0.493502323708206,0.493502323708206,False
48,5,0.0,4296.736435561772,3.7208801635452917,4296.736432166007,0.0,0,-7.903125913180841e-10,7.903125913180841e-10,False
48,5,0.6,4296.736435561772,3.7208801635452917,4042.2825032134747,0.0,0,-0.05922027942936392,0.05922027942936392,False
48,5,1.0,4296.736435561772,3.7208801635452917,3872.646554001694,0.0,0,-0.0987004643920243,0.0987004643920243,False
48,20,0.0,17186.945742247088,3.7208801635452917,17186.945728664028,0.0,0,-7.903125913180841e-10,7.903125913180841e-10,False
48,20,0.6,17186.945742247088,3.7208801635452917,16932.491809431423,0.0,0,-0.014805069884534122,0.014805069884534122,False
48,20,1.0,17186.945742247088,3.7208801635452917,16762.85588959705,0.0,0,-0.024675114415913173,0.024675114415913173,False
49,1,0.0,1029.2576536991332,3.505919287586591,1029.257654833253,0.0,0,1.1018811983352484e-09,1.1018811983352484e-09,False
49,1,0.6,1029.2576536991332,3.505919287586591,840.4481601490054,0.0,0,-0.183442399356031,0.183442399356031,False
49,1,1.0,1029.2576536991332,3.505919287586591,714.5751686370045,0.0,0,-0.30573732819101773,0.30573732819101773,False
49,5,0.0,5146.288268495666,3.505919287586591,5146.288278544679,0.0,0,1.9526720622841183e-09,1.9526720622841183e-09,False
49,5,0.6,5146.288268495666,3.505919287586591,4957.478779264455,0.0,0,-0.03668847903197672,0.03668847903197672,False
49,5,1.0,5146.288268495666,3.505919287586591,4831.605772173949,0.0,0,-0.06114746782610821,0.06114746782610821,False
49,20,0.0,20585.153073982663,3.505919287586591,20585.153114178716,0.0,0,1.9526720622841183e-09,1.9526720622841183e-09,False
49,20,0.6,20585.153073982663,3.505919287586591,20396.34353999125,0.0,0,-0.009172121932386723,0.009172121932386723,False
49,20,1.0,20585.153073982663,3.505919287586591,20270.47057549539,0.0,0,-0.015286867061726949,0.015286867061726949,False
50,1,0.0,1024.5930718217826,1.6443750033916291,1024.5930808137907,0.0,0,8.776175030793039e-09,8.776175030793039e-09,False
50,1,0.6,1024.5930718217826,1.6443750033916291,1049.668001489786,0.0,0,0.024473061899021927,0.024473061899021927,False
50,1,1.0,1024.5930718217826,1.6443750033916291,1066.3846242527961,0.0,0,0.040788439411078466,0.040788439411078466,False
50,5,0.0,5122.965359108913,1.6443750033916291,5122.965356308309,0.0,0,-5.466762316108472e-10,5.466762316108472e-10,False
50,5,0.6,5122.965359108913,1.6443750033916291,5148.040282123797,0.0,0,0.004894611081119145,0.004894611081119145,False
50,5,1.0,5122.965359108913,1.6443750033916291,5164.756909197902,0.0,0,0.008157687425053883,0.008157687425053883,False
50,20,0.0,20491.86143643565,1.6443750033916291,20491.861425233237,0.0,0,-5.466762316108472e-10,5.466762316108472e-10,False
50,20,0.6,20491.86143643565,1.6443750033916291,20516.936479592994,0.0,0,0.0012236586332151612,0.0012236586332151612,False
50,20,1.0,20491.86143643565,1.6443750033916291,20533.65301510855,0.0,0,0.0020394232511543016,0.0020394232511543016,False
51,1,0.0,814.582611950038,2.7957966465473127,814.5826104962779,0.0,0,-1.7846687009225014e-09,1.7846687009225014e-09,False
51,1,0.6,814.582611950038,2.7957966465473127,743.5625396643807,0.0,0,-0.08718584369931688,0.08718584369931688,False
51,1,1.0,814.582611950038,2.7957966465473127,696.2158239346005,0.0,0,-0.14530974057017734,0.14530974057017734,False
51,5,0.0,4072.91305975019,2.7957966465473127,4072.9130745339853,0.0,0,3.6297841945499633e-09,3.6297841945499633e-09,False
51,5,0.6,4072.91305975019,2.7957966465473127,4001.892962165866,0.0,0,-0.017437174951306235,0.017437174951306235,False
51,5,1.0,4072.91305975019,2.7957966465473127,3954.5462651182484,0.0,0,-0.02906194973854941,0.02906194973854941,False
51,20,0.0,16291.65223900076,2.7957966465473127,16291.652298135941,0.0,0,3.6297841945499633e-09,3.6297841945499633e-09,False
51,20,0.6,16291.65223900076,2.7957966465473127,16220.632115956441,0.0,0,-0.004359295300589726,0.004359295300589726,False
51,20,1.0,16291.65223900076,2.7957966465473127,16173.285513511899,0.0,0,-0.0072654831905570125,0.0072654831905570125,False
52,1,0.0,860.2025359697675,1.5078845179649072,860.2025315235063,0.0,0,-5.168853846464331e-09,5.168853846464331e-09,False
52,1,0.6,860.2025359697675,1.5078845179649072,821.9505101810001,0.0,0,-0.04446862708401938,0.04446862708401938,False
52,1,1.0,860.2025359697675,1.5078845179649072,796.4491514938748,0.0,0,-0.07411438796099226,0.07411438796099226,False
52,5,0.0,4301.012679848837,1.5078845179649072,4301.012673234804,0.0,0,-1.537785010072036e-09,1.537785010072036e-09,False
52,5,0.6,4301.012679848837,1.5078845179649072,4262.760674027937,0.0,0,-0.008893720774207203,0.008893720774207203,False
52,5,1.0,4301.012679848837,1.5078845179649072,4237.259287135242,0.0,0,-0.01482287950749222,0.01482287950749222,False
52,20,0.0,17204.05071939535,1.5078845179649072,17204.050692939218,0.0,0,-1.537785010072036e-09,1.537785010072036e-09,False
52,20,0.6,17204.05071939535,1.5078845179649072,17165.79844223344,0.0,0,-0.002223445965477382,0.002223445965477382,False
52,20,1.0,17204.05071939535,1.5078845179649072,17140.29741413173,0.0,0,-0.003705714793769097,0.003705714793769097,False
53,1,0.0,825.2402847325104,3.165580030686445,825.2402834235264,0.0,0,-1.586185285628537e-09,1.586185285628537e-09,False
53,1,0.6,825.2402847325104,3.165580030686445,629.0156959603036,0.0,0,-0.23777873233104488,0.23777873233104488,False
53,1,1.0,825.2402847325104,3.165580030686445,498.19930600233346,0.0,0,-0.39629788412011724,0.39629788412011724,False
53,5,0.0,4126.201423662552,3.165580030686445,4126.201399683447,0.0,0,-5.811423812374785e-09,5.811423812374785e-09,False
53,5,0.6,4126.201423662552,3.165580030686445,3929.976832663624,0.0,0,-0.04755574700586295,0.04755574700586295,False
53,5,1.0,4126.201423662552,3.165580030686445,3799.160442048198,0.0,0,-0.07925957752301424,0.07925957752301424,False
53,20,0.0,16504.805694650207,3.165580030686445,16504.805598733787,0.0,0,-5.811423812374785e-09,5.811423812374785e-09,False
53,20,0.6,16504.805694650207,3.165580030686445,16308.581093819475,0.0,0,-0.01188893734715916,0.01188893734715916,False
53,20,1.0,16504.805694650207,3.165580030686445,16177.76465062284,0.0,0,-0.019814898162259113,0.019814898162259113,False
54,1,0.0,918.689684948207,2.1586178715601614,918.689702400316,0.0,0,1.899674000605909e-08,1.899674000605909e-08,False
54,1,0.6,918.689684948207,2.1586178715601614,741.9011545804565,0.0,0,-0.19243552340278786,0.19243552340278786,False
54,1,1.0,918.689684948207,2.1586178715601614,624.0421319533696,0.0,0,-0.32072587493071586,0.32072587493071586,False
54,5,0.0,4593.448424741035,2.1586178715601614,4593.4483800582575,0.0,0,-9.727501646692983e-09,9.727501646692983e-09,False
54,5,0.6,4593.448424741035,2.1586178715601614,4416.65989660034,0.0,0,-0.0384871041957244,0.0384871041957244,False
54,5,1.0,4593.448424741035,2.1586178715601614,4298.80086227188,0.0,0,-0.06414517704871502,0.06414517704871502,False
54,20,0.0,18373.79369896414,2.1586178715601614,18373.79352023303,0.0,0,-9.727501646692983e-09,9.727501646692983e-09,False
54,20,0.6,18373.79369896414,2.1586178715601614,18197.00525685879,0.0,0,-0.009621771366428064,0.009621771366428064,False
54,20,1.0,18373.79369896414,2.1586178715601614,18079.14619421841,0.0,0,-0.016036291120561527,0.016036291120561527,False
55,1,0.0,845.2024059039867,1.82411766530289,845.2024050085588,0.0,0,-1.0594242065880233e-09,1.0594242065880233e-09,False
55,1,0.6,845.2024059039867,1.82411766530289,537.339449188074,0.0,0,-0.36424761047223675,0.36424761047223675,False
55,1,1.0,845.2024059039867,1.82411766530289,332.0974871405567,0.0,0,-0.6070793400246398,0.6070793400246398,True
55,5,0.0,4226.012029519933,1.82411766530289,4226.012023498703,0.0,0,-1.4248020367638702e-09,1.4248020367638702e-09,False
55,5,0.6,4226.012029519933,1.82411766530289,3918.1490621455173,0.0,0,-0.07284952461656585,0.07284952461656585,False
55,5,1.0,4226.012029519933,1.82411766530289,3712.907087519411,0.0,0,-0.12141587350351431,0.12141587350351431,False
55,20,0.0,16904.048118079732,1.82411766530289,16904.04809399481,0.0,0,-1.4248020367638702e-09,1.4248020367638702e-09,False
55,20,0.6,16904.048118079732,1.82411766530289,16596.18503092766,0.0,0,-0.01821238823987951,0.01821238823987951,False
55,20,1.0,16904.048118079732,1.82411766530289,16390.943314107244,0.0,0,-0.03035396021049519,0.03035396021049519,False
56,1,0.0,1013.1178123894067,2.2361978611374993,1013.1178104374314,0.0,0,-1.9267011597477204e-09,1.9267011597477204e-09,False
56,1,0.6,1013.1178123894067,2.2361978611374993,1023.1345749729409,0.0,0,0.009887065907872982,0.009887065907872982,False
56,1,1.0,1013.1178123894067,2.2361978611374993,1029.8124107555898,0.0,0,0.016478437316988222,0.016478437316988222,False
56,5,0.0,5065.589061947034,2.2361978611374993,5065.58907973802,0.0,0,3.5121257969638628e-09,3.5121257969638628e-09,False
56,5,0.6,5065.589061947034,2.2361978611374993,5075.605832417368,0.0,0,0.001977414738511054,0.001977414738511054,False
56,5,1.0,5065.589061947034,2.2361978611374993,5082.283660286614,0.0,0,0.003295687458145901,0.003295687458145901,False
56,20,0.0,20262.356247788135,2.2361978611374993,20262.35631895208,0.0,0,3.5121257969638628e-09,3.5121257969638628e-09,False
56,20,0.6,20262.356247788135,2.2361978611374993,20272.37297263156,0.0,0,0.0004943514328211352,0.0004943514328211352,False
56,20,1.0,20262.356247788135,2.2361978611374993,20279.050894779648,0.0,0,0.0008239242656359506,0.0008239242656359506,False
57,1,0.0,1088.0811417700672,2.930163771933125,1088.0811355655253,0.0,0,-5.7022787129474916e-09,5.7022787129474916e-09,False
57,1,0.6,1088.0811417700672,2.930163771933125,774.4989666484503,0.0,0,-0.2881974175303582,0.2881974175303582,False
57,1,1.0,1088.0811417700672,2.930163771933125,565.444184038656,0.0,0,-0.48032902847778114,0.48032902847778114,False
57,5,0.0,5440.405708850336,2.930163771933125,5440.405719643406,0.0,0,1.9838722716616136e-09,1.9838722716616136e-09,False
57,5,0.6,5440.405708850336,2.930163771933125,5126.823532313172,0.0,0,-0.057639483766263065,0.057639483766263065,False
57,5,1.0,5440.405708850336,2.930163771933125,4917.768726507623,0.0,0,-0.09606581021935522,0.09606581021935522,False
57,20,0.0,21761.622835401344,2.930163771933125,21761.622878573624,0.0,0,1.9838722716616136e-09,1.9838722716616136e-09,False
57,20,0.6,21761.622835401344,2.930163771933125,21448.040759243122,0.0,0,-0.01440986632890692,0.01440986632890692,False
57,20,1.0,21761.622835401344,2.930163771933125,21238.985912825734,0.0,0,-0.024016449808393663,0.024016449808393663,False
58,1,0.0,840.3877638170696,2.325558639279137,840.387763288043,0.0,0,-6.295030882792769e-10,6.295030882792769e-10,False
58,1,0.6,840.3877638170696,2.325558639279137,577.938085420124,0.0,0,-0.3122959301607276,0.3122959301607276,False
58,1,1.0,840.3877638170696,2.325558639279137,402.97163583046097,0.0,0,-0.5204932137515303,0.5204932137515303,True
58,5,0.0,4201.938819085348,2.325558639279137,4201.938825868609,0.0,0,1.6143168616737079e-09,1.6143168616737079e-09,False
58,5,0.6,4201.938819085348,2.325558639279137,3939.4891482679286,0.0,0,-0.06245918422832907,0.06245918422832907,False
58,5,1.0,4201.938819085348,2.325558639279137,3764.522690107104,0.0,0,-0.10409864298630073,0.10409864298630073,False
58,20,0.0,16807.75527634139,2.325558639279137,16807.755303474434,0.0,0,1.6143168616737079e-09,1.6143168616737079e-09,False
58,20,0.6,16807.75527634139,2.325558639279137,16545.305678312805,0.0,0,-0.01561479172641279,0.01561479172641279,False
58,20,1.0,16807.75527634139,2.325558639279137,16370.339161033258,0.0,0,-0.026024659933253574,0.026024659933253574,False
59,1,0.0,1118.794076786307,2.2826601787304006,1118.7940789796764,0.0,0,1.9604764880273596e-09,1.9604764880273596e-09,False
59,1,0.6,1118.794076786307,2.2826601787304006,875.4802708003901,0.0,0,-0.21747863260487255,0.21747863260487255,False
59,1,1.0,1118.794076786307,2.2826601787304006,713.2710658371359,0.0,0,-0.3624643885441549,0.3624643885441549,False
59,5,0.0,5593.970383931535,2.2826601787304006,5593.970414254687,0.0,0,5.420685081159042e-09,5.420685081159042e-09,False
59,5,0.6,5593.970383931535,2.2826601787304006,5350.656565430084,0.0,0,-0.04349572875830036,0.04349572875830036,False
59,5,1.0,5593.970383931535,2.2826601787304006,5188.44734974081,0.0,0,-0.07249288186358203,0.07249288186358203,False
59,20,0.0,22375.88153572614,2.2826601787304006,22375.88165701875,0.0,0,5.420685081159042e-09,5.420685081159042e-09,False
59,20,0.6,22375.88153572614,2.2826601787304006,22132.567804920865,0.0,0,-0.010873928270347341,0.010873928270347341,False
59,20,1.0,22375.88153572614,2.2826601787304006,21970.358662275266,0.0,0,-0.018123213282274585,0.018123213282274585,False
60,1,0.0,1148.865618996501,3.346319467178028,1148.8656289399205,0.0,0,8.654989091366233e-09,8.654989091366233e-09,False
60,1,0.6,1148.865618996501,3.346319467178028,787.4568048570297,0.0,0,-0.31457884034788236,0.31457884034788236,False
60,1,1.0,1148.865618996501,3.346319467178028,546.5176015749588,0.0,0,-0.5242980618983749,0.5242980618983749,True
60,5,0.0,5744.328094982506,3.346319467178028,5744.328114790799,0.0,0,3.4483220918971598e-09,3.4483220918971598e-09,False
60,5,0.6,5744.328094982506,3.346319467178028,5382.919300168954,0.0,0,-0.06291576470522837,0.06291576470522837,False
60,5,1.0,5744.328094982506,3.346319467178028,5141.980073729628,0.0,0,-0.10485961304665206,0.10485961304665206,False
60,20,0.0,22977.312379930023,3.346319467178028,22977.312459163197,0.0,0,3.4483220918971598e-09,3.4483220918971598e-09,False
60,20,0.6,22977.312379930023,3.346319467178028,22615.90348611243,0.0,0,-0.015728945485080817,0.015728945485080817,False
60,20,1.0,22977.312379930023,3.346319467178028,22374.964461067157,0.0,0,-0.02621489880552778,0.02621489880552778,False
61,1,0.0,1092.9401939775144,3.906303429405097,1092.9401936326135,0.0,0,-3.1557157147628893e-10,3.1557157147628893e-10,False
61,1,0.6,1092.9401939775144,3.906303429405097,972.4459452499812,0.0,0,-0.11024779708121174,0.11024779708121174,False
61,1,1.0,1092.9401939775144,3.906303429405097,892.1164511374865,0.0,0,-0.18374632385800932,0.18374632385800932,False
61,5,0.0,5464.700969887572,3.906303429405097,5464.700968070778,0.0,0,-3.3245989000074315e-10,3.3245989000074315e-10,False
61,5,0.6,5464.700969887572,3.906303429405097,5344.206710515254,0.0,0,-0.022049561364159524,0.022049561364159524,False
61,5,1.0,5464.700969887572,3.906303429405097,5263.877218956716,0.0,0,-0.036749266252163695,0.036749266252163695,False
61,20,0.0,21858.803879550287,3.906303429405097,21858.80387228311,0.0,0,-3.3245989000074315e-10,3.3245989000074315e-10,False
61,20,0.6,21858.803879550287,3.906303429405097,21738.30966057546,0.0,0,-0.005512388492929026,0.005512388492929026,False
61,20,1.0,21858.803879550287,3.906303429405097,21657.980112823323,0.0,0,-0.009187317285683783,0.009187317285683783,False
62,1,0.0,1120.503299977022,3.0159668472280936,1120.5032992317895,0.0,0,-6.65087247236782e-10,6.65087247236782e-10,False
62,1,0.6,1120.503299977022,3.0159668472280936,1506.206252823843,0.0,0,0.3442229512887027,0.3442229512887027,False
62,1,1.0,1120.503299977022,3.0159668472280936,1763.3415617824492,0.0,0,0.573704925115892,0.573704925115892,True
62,5,0.0,5602.51649988511,3.0159668472280936,5602.516490606689,0.0,0,-1.6561165493404453e-09,1.6561165493404453e-09,False
62,5,0.6,5602.51649988511,3.0159668472280936,5988.219451635082,0.0,0,0.06884459006196267,0.06884459006196267,False
62,5,1.0,5602.51649988511,3.0159668472280936,6245.354746644661,0.0,0,0.11474098233762163,0.11474098233762163,False
62,20,0.0,22410.06599954044,3.0159668472280936,22410.065962426757,0.0,0,-1.6561165493404453e-09,1.6561165493404453e-09,False
62,20,0.6,22410.06599954044,3.0159668472280936,22795.768947584314,0.0,0,0.017211147350114253,0.017211147350114253,False
62,20,1.0,22410.06599954044,3.0159668472280936,23052.904363410176,0.0,0,0.028685250810190403,0.028685250810190403,False
63,1,0.0,871.374761036853,3.770084725389017,871.374760729962,0.0,0,-3.521917759331743e-10,3.521917759331743e-10,False
63,1,0.6,871.374761036853,3.770084725389017,713.2741887835044,0.0,0,-0.18143808992725924,0.18143808992725924,False
63,1,1.0,871.374761036853,3.770084725389017,607.8737979061738,0.0,0,-0.3023968273044059,0.3023968273044059,False
63,5,0.0,4356.873805184265,3.770084725389017,4356.87381128238,0.0,0,1.3996539408374687e-09,1.3996539408374687e-09,False
63,5,0.6,4356.873805184265,3.770084725389017,4198.773228402889,0.0,0,-0.036287619024735394,0.036287619024735394,False
63,5,1.0,4356.873805184265,3.770084725389017,4093.3728428931317,0.0,0,-0.06047936526818654,0.06047936526818654,False
63,20,0.0,17427.49522073706,3.770084725389017,17427.49524512952,0.0,0,1.3996539408374687e-09,1.3996539408374687e-09,False
63,20,0.6,17427.49522073706,3.770084725389017,17269.394613536442,0.0,0,-0.009071906501657909,0.009071906501657909,False
63,20,1.0,17427.49522073706,3.770084725389017,17163.994273759276,0.0,0,-0.015119840438357561,0.015119840438357561,False
64,1,0.0,838.9362807025693,2.0994213883485813,838.9362763019561,0.0,0,-5.245467735965676e-09,5.245467735965676e-09,False
64,1,0.6,838.9362807025693,2.0994213883485813,728.2176449585671,0.0,0,-0.1319750239568619,0.1319750239568619,False
64,1,1.0,838.9362807025693,2.0994213883485813,654.405234294155,0.0,0,-0.21995835756903773,0.21995835756903773,False
64,5,0.0,4194.681403512846,2.0994213883485813,4194.681397093432,0.0,0,-1.5303700057092452e-09,1.5303700057092452e-09,False
64,5,0.6,4194.681403512846,2.0994213883485813,4083.962776923222,0.0,0,-0.026395002608994994,0.026395002608994994,False
64,5,1.0,4194.681403512846,2.0994213883485813,4010.1503537151107,0.0,0,-0.043991672321812024,0.043991672321812024,False
64,20,0.0,16778.725614051385,2.0994213883485813,16778.725588373727,0.0,0,-1.5303700057092452e-09,1.5303700057092452e-09,False
64,20,0.6,16778.725614051385,2.0994213883485813,16668.006964164026,0.0,0,-0.006598752040777053,0.006598752040777053,False
64,20,1.0,16778.725614051385,2.0994213883485813,16594.19455708639,0.0,0,-0.010997918507616545,0.010997918507616545,False
65,1,0.0,887.8281205907643,3.299150946546057,887.8281103677843,0.0,0,-1.1514593599688891e-08,1.1514593599688891e-08,False
65,1,0.6,887.8281205907643,3.299150946546057,759.9524843713418,0.0,0,-0.1440319733670224,0.1440319733670224,False
65,1,1.0,887.8281205907643,3.299150946546057,674.7020614526804,0.0,0,-0.24005328756231448,0.24005328756231448,False
65,5,0.0,4439.140602953822,3.299150946546057,4439.140591426157,0.0,0,-2.5968236413485888e-09,2.5968236413485888e-09,False
65,5,0.6,4439.140602953822,3.299150946546057,4311.264952720864,0.0,0,-0.02880639783021717,0.02880639783021717,False
65,5,1.0,4439.140602953822,3.299150946546057,4226.014527710685,0.0,0,-0.048010661140429345,0.048010661140429345,False
65,20,0.0,17756.56241181529,3.299150946546057,17756.562365704627,0.0,0,-2.5968236413485888e-09,2.5968236413485888e-09,False
65,20,0.6,17756.56241181529,3.299150946546057,17628.6867297757,0.0,0,-0.007201601248814779,0.007201601248814779,False
65,20,1.0,17756.56241181529,3.299150946546057,17543.436343854828,0.0,0,-0.012002664874967312,0.012002664874967312,False
66,1,0.0,1018.4906556275805,3.0777022776366465,1018.4906518042262,0.0,0,-3.753941452303188e-09,3.753941452303188e-09,False
66,1,0.6,1018.4906556275805,3.0777022776366465,913.2755991901932,0.0,0,-0.10330488144985005,0.10330488144985005,False
66,1,1.0,1018.4906556275805,3.0777022776366465,843.1322232077982,0.0,0,-0.1721748073493406,0.1721748073493406,False
66,5,0.0,5092.453278137902,3.0777022776366465,5092.453283866856,0.0,0,1.1249889194451883e-09,1.1249889194451883e-09,False
66,5,0.6,5092.453278137902,3.0777022776366465,4987.238207792823,0.0,0,-0.02066097902100962,0.02066097902100962,False
66,5,1.0,5092.453278137902,3.0777022776366465,4917.094837450883,0.0,0,-0.034434963093297306,0.034434963093297306,False
66,20,0.0,20369.81311255161,3.0777022776366465,20369.813135467422,0.0,0,1.1249889194451883e-09,1.1249889194451883e-09,False
66,20,0.6,20369.81311255161,3.0777022776366465,20264.598089995747,0.0,0,-0.005165242409172107,0.005165242409172107,False
66,20,1.0,20369.81311255161,3.0777022776366465,20194.454702576295,0.0,0,-0.008608739265617508,0.008608739265617508,False
67,1,0.0,1155.7292653812,1.695005681625417,1155.7292739988438,0.0,0,7.456455418777596e-09,7.456455418777596e-09,False
67,1,0.6,1155.7292653812,1.695005681625417,1243.1895271172814,0.0,0,0.07567538899971857,0.07567538899971857,False
67,1,1.0,1155.7292653812,1.695005681625417,1301.496380078155,0.0,0,0.12612565854588426,0.12612565854588426,False
67,5,0.0,5778.6463269060005,1.695005681625417,5778.646435427527,0.0,0,1.877974877380107e-08,1.877974877380107e-08,False
67,5,0.6,5778.6463269060005,1.695005681625417,5866.106580720931,0.0,0,0.015135076429181313,0.015135076429181313,False
67,5,1.0,5778.6463269060005,1.695005681625417,5924.413420558538,0.0,0,0.02522512806742127,0.02522512806742127,False
67,20,0.0,23114.585307624002,1.695005681625417,23114.585741710107,0.0,0,1.877974877380107e-08,1.877974877380107e-08,False
67,20,0.6,23114.585307624002,1.695005681625417,23202.045559448605,0.0,0,0.0037837690211883416,0.0037837690211883416,False
67,20,1.0,23114.585307624002,1.695005681625417,23260.352443674634,0.0,0,0.00630628385111252,0.00630628385111252,False
68,1,0.0,1186.5899928333952,2.35428040883638,1186.589992010446,0.0,0,-6.935413557215485e-10,6.935413557215485e-10,False
68,1,0.6,1186.5899928333952,2.35428040883638,803.1806523936947,0.0,0,-0.3231186363911411,0.3231186363911411,False
68,1,1.0,1186.5899928333952,2.35428040883638,547.5744294542694,0.0,0,-0.5385310572637263,0.5385310572637263,True
68,5,0.0,5932.949964166975,2.35428040883638,5932.949906566224,0.0,0,-9.708619120148444e-09,9.708619120148444e-09,False
68,5,0.6,5932.949964166975,2.35428040883638,5549.540615676202,0.0,0,-0.06462372863523831,0.06462372863523831,False
68,5,1.0,5932.949964166975,2.35428040883638,5293.934401696794,0.0,0,-0.10770621129954246,0.10770621129954246,False
68,20,0.0,23731.7998566679,2.35428040883638,23731.799626264896,0.0,0,-9.708619120148444e-09,9.708619120148444e-09,False
68,20,0.6,23731.7998566679,2.35428040883638,23348.390668085172,0.0,0,-0.016155925420675715,0.016155925420675715,False
68,20,1.0,23731.7998566679,2.35428040883638,23092.784340735532,0.0,0,-0.02692655086389606,0.02692655086389606,False
69,1,0.0,899.3883742171231,3.442375114240992,899.3883787861204,0.0,0,5.0801159992682715e-09,5.0801159992682715e-09,False
69,1,0.6,899.3883742171231,3.442375114240992,809.3146775112875,0.0,0,-0.10014994554965273,0.10014994554965273,False
69,1,1.0,899.3883742171231,3.442375114240992,749.2655395179933,0.0,0,-0.16691658353912456,0.16691658353912456,False
69,5,0.0,4496.941871085615,3.442375114240992,4496.941875416389,0.0,0,9.630486200160545e-10,9.630486200160545e-10,False
69,5,0.6,4496.941871085615,3.442375114240992,4406.868174296607,0.0,0,-0.02002998912842587,0.02002998912842587,False
69,5,1.0,4496.941871085615,3.442375114240992,4346.819029011579,0.0,0,-0.033383318347807514,0.033383318347807514,False
69,20,0.0,17987.76748434246,3.442375114240992,17987.767501665556,0.0,0,9.630486200160545e-10,9.630486200160545e-10,False
69,20,0.6,17987.76748434246,3.442375114240992,17897.693792177386,0.0,0,-0.005007497025046611,0.005007497025046611,False
69,20,1.0,17987.76748434246,3.442375114240992,17837.644674146184,0.0,0,-0.008345827814760898,0.008345827814760898,False
70,1,0.0,1106.5235431648978,2.5470162176163678,1106.5235300195916,0.0,0,-1.187982512004791e-08,1.187982512004791e-08,False
70,1,0.6,1106.5235431648978,2.5470162176163678,739.4209807308393,0.0,0,-0.3317620892042345,0.3317620892042345,False
70,1,1.0,1106.5235431648978,2.5470162176163678,494.6859371265173,0.0,0,-0.5529368171312397,0.5529368171312397,True
70,5,0.0,5532.617715824489,2.5470162176163678,5532.617755416204,0.0,0,7.156054697438629e-09,7.156054697438629e-09,False
70,5,0.6,5532.617715824489,2.5470162176163678,5165.515129375973,0.0,0,-0.06635242218137052,0.06635242218137052,False
70,5,1.0,5532.617715824489,2.5470162176163678,4920.78009722034,0.0,0,-0.11058736569746364,0.11058736569746364,False
70,20,0.0,22130.470863297956,2.5470162176163678,22130.471021664816,0.0,0,7.156054697438629e-09,7.156054697438629e-09,False
70,20,0.6,22130.470863297956,2.5470162176163678,21763.36830979031,0.0,0,-0.016588104056857875,0.016588104056857875,False
70,20,1.0,22130.470863297956,2.5470162176163678,21518.63320951438,0.0,0,-0.027646843014003435,0.027646843014003435,False
71,1,0.0,1158.4610656926475,2.179590288450702,1158.4610657011747,0.0,0,7.360795457591918e-12,7.360795457591918e-12,False
71,1,0.6,1158.4610656926475,2.179590288450702,1200.867330233488,0.0,0,0.03660568818123007,0.03660568818123007,False
71,1,1.0,1158.4610656926475,2.179590288450702,1229.1381836610644,0.0,0,0.06100948927977902,0.06100948927977902,False
71,5,0.0,5792.305328463237,2.179590288450702,5792.305320561953,0.0,0,-1.3641001097679547e-09,1.3641001097679547e-09,False
71,5,0.6,5792.305328463237,2.179590288450702,5834.711606373,0.0,0,0.007321139944294668,0.007321139944294668,False
71,5,1.0,5792.305328463237,2.179590288450702,5862.9824432316545,0.0,0,0.01220189730349885,0.01220189730349885,False
71,20,0.0,23169.221313852948,2.179590288450702,23169.22128224781,0.0,0,-1.3641001097679547e-09,1.3641001097679547e-09,False
71,20,0.6,23169.221313852948,2.179590288450702,23211.627745386253,0.0,0,0.0018302916165745442,0.0018302916165745442,False
71,20,1.0,23169.221313852948,2.179590288450702,23239.898488779352,0.0,0,0.0030504769223360264,0.0030504769223360264,False
72,1,0.0,1100.2575525015438,2.001609216822553,1100.2575528297243,0.0,0,2.98276049844752e-10,2.98276049844752e-10,False
72,1,0.6,1100.2575525015438,2.001609216822553,880.7760705370854,0.0,0,-0.1994819135441931,0.1994819135441931,False
72,1,1.0,1100.2575525015438,2.001609216822553,734.4550751350192,0.0,0,-0.3324698626560996,0.3324698626560996,False
72,5,0.0,5501.287762507719,2.001609216822553,5501.287709382389,0.0,0,-9.656889847401469e-09,9.656889847401469e-09,False
72,5,0.6,5501.287762507719,2.001609216822553,5281.806299857831,0.0,0,-0.03989637919792063,0.03989637919792063,False
72,5,1.0,5501.287762507719,2.001609216822553,5135.485263637762,0.0,0,-0.06649397644001974,0.06649397644001974,False
72,20,0.0,22005.151050030876,2.001609216822553,22005.150837529556,0.0,0,-9.656889847401469e-09,9.656889847401469e-09,False
72,20,0.6,22005.151050030876,2.001609216822553,21785.669650260923,0.0,0,-0.009974091941970334,0.009974091941970334,False
72,20,1.0,22005.151050030876,2.001609216822553,21639.34861235683,0.0,0,-0.01662349132902378,0.01662349132902378,False
73,1,0.0,962.801157270881,2.639615742807778,962.8011589061209,0.0,0,1.6984190935977124e-09,1.6984190935977124e-09,False
73,1,0.6,962.801157270881,2.639615742807778,912.1862408448133,0.0,0,-0.0525704773450199,0.0525704773450199,False
73,1,1.0,962.801157270881,2.639615742807778,878.4429560226147,0.0,0,-0.08761746972488574,0.08761746972488574,False
73,5,0.0,4814.005786354405,2.639615742807778,4814.005743539059,0.0,0,-8.893912493142145e-09,8.893912493142145e-09,False
73,5,0.6,4814.005786354405,2.639615742807778,4763.390877254548,0.0,0,-0.01051409394715063,0.01051409394715063,False
73,5,1.0,4814.005786354405,2.639615742807778,4729.647591434232,0.0,0,-0.017523492630460047,0.017523492630460047,False
73,20,0.0,19256.02314541762,2.639615742807778,19256.022974156236,0.0,0,-8.893912493142145e-09,8.893912493142145e-09,False
73,20,0.6,19256.02314541762,2.639615742807778,19205.408150709936,0.0,0,-0.002628527932556499,0.002628527932556499,False
73,20,1.0,19256.02314541762,2.639615742807778,19171.665006937863,0.0,0,-0.00438087022656248,0.00438087022656248,False
74,1,0.0,954.2927427449821,2.0667116376733423,954.2927362160018,0.0,0,-6.841695426202546e-09,6.841695426202546e-09,False
74,1,0.6,954.2927427449821,2.0667116376733423,844.5686666374736,0.0,0,-0.11497947243305226,0.11497947243305226,False
74,1,1.0,954.2927427449821,2.0667116376733423,771.4192837398431,0.0,0,-0.1916324528248128,0.1916324528248128,False
74,5,0.0,4771.46371372491,2.0667116376733423,4771.463708578124,0.0,0,-1.078659770017344e-09,1.078659770017344e-09,False
74,5,0.6,4771.46371372491,2.0667116376733423,4661.739610080434,0.0,0,-0.022995900257788617,0.022995900257788617,False
74,5,1.0,4771.46371372491,2.0667116376733423,4588.590282507443,0.0,0,-0.03832648474124196,0.03832648474124196,False
74,20,0.0,19085.85485489964,2.0667116376733423,19085.854834312497,0.0,0,-1.078659770017344e-09,1.078659770017344e-09,False
74,20,0.6,19085.85485489964,2.0667116376733423,18976.130745076774,0.0,0,-0.005748975388162826,0.005748975388162826,False
74,20,1.0,19085.85485489964,2.0667116376733423,18902.9813447205,0.0,0,-0.009581625322493346,0.009581625322493346,False
75,1,0.0,1037.0629344600693,3.872492226789519,1037.0629289580586,0.0,0,-5.305377837299464e-09,5.305377837299464e-09,False
75,1,0.6,1037.0629344600693,3.872492226789519,922.8312053564387,0.0,0,-0.1101492737883874,0.1101492737883874,False
75,1,1.0,1037.0629344600693,3.872492226789519,846.6767241233845,0.0,0,-0.1835821183174447,0.1835821183174447,False
75,5,0.0,5185.3146723003465,3.872492226789519,5185.314688851073,0.0,0,3.1918460753754204e-09,3.1918460753754204e-09,False
75,5,0.6,5185.3146723003465,3.872492226789519,5071.082952101622,0.0,0,-0.022029853040345587,0.022029853040345587,False
75,5,1.0,5185.3146723003465,3.872492226789519,4994.928468496538,0.0,0,-0.036716422403608576,0.036716422403608576,False
75,20,0.0,20741.258689201386,3.872492226789519,20741.25875540429,0.0,0,3.1918460753754204e-09,3.1918460753754204e-09,False
75,20,0.6,20741.258689201386,3.872492226789519,20627.026981081162,0.0,0,-0.005507462677744653,0.005507462677744653,False
75,20,1.0,20741.258689201386,3.872492226789519,20550.87248023165,0.0,0,-0.009179105849967414,0.009179105849967414,False
76,1,0.0,1181.359536007415,2.1282282181296077,1181.3595432022578,0.0,0,6.0903074113289414e-09,6.0903074113289414e-09,False
76,1,0.6,1181.359536007415,2.1282282181296077,1266.7978969987544,0.0,0,0.07232206486442841,0.07232206486442841,False
76,1,1.0,1181.359536007415,2.1282282181296077,1323.7568050086447,0.0,0,0.12053677535162835,0.12053677535162835,False
76,5,0.0,5906.797680037075,2.1282282181296077,5906.797671843413,0.0,0,-1.3871581131551182e-09,1.3871581131551182e-09,False
76,5,0.6,5906.797680037075,2.1282282181296077,5992.236017672513,0.0,0,0.014464409018814033,0.014464409018814033,False
76,5,1.0,5906.797680037075,2.1282282181296077,6049.19496433654,0.0,0,0.02410735766026282,0.02410735766026282,False
76,20,0.0,23627.1907201483,2.1282282181296077,23627.19068737365,0.0,0,-1.3871581131551182e-09,1.3871581131551182e-09,False
76,20,0.6,23627.1907201483,2.1282282181296077,23712.62903266563,0.0,0,0.0036161011916017428,0.0036161011916017428,False
76,20,1.0,23627.1907201483,2.1282282181296077,23769.588077938773,0.0,0,0.0060268425255077815,0.0060268425255077815,False
77,1,0.0,1077.9244574317636,2.421580245126855,1077.9244606033824,0.0,0,2.9423386570483406e-09,2.9423386570483406e-09,False
77,1,0.6,1077.9244574317636,2.421580245126855,1018.011636462495,0.0,0,-0.05558165097396107,0.05558165097396107,False
77,1,1.0,1077.9244574317636,2.421580245126855,978.0697604666497,0.0,0,-0.09263608064244622,0.09263608064244622,False
77,5,0.0,5389.622287158818,2.421580245126855,5389.622275114918,0.0,0,-2.2346463765022903e-09,2.2346463765022903e-09,False
77,5,0.6,5389.622287158818,2.421580245126855,5329.709445943965,0.0,0,-0.011116333951193543,0.011116333951193543,False
77,5,1.0,5389.622287158818,2.421580245126855,5289.767590424933,0.0,0,-0.018527216085586665,0.018527216085586665,False
77,20,0.0,21558.48914863527,2.421580245126855,21558.489100459672,0.0,0,-2.2346463765022903e-09,2.2346463765022903e-09,False
77,20,0.6,21558.48914863527,2.421580245126855,21498.57637532425,0.0,0,-0.0027790803380493122,0.0027790803380493122,False
77,20,1.0,21558.48914863527,2.421580245126855,21458.634469582084,0.0,0,-0.004631803201269716,0.004631803201269716,False
78,1,0.0,1142.5790458725894,3.2474631264395413,1142.579048507858,0.0,0,2.3064212831589836e-09,2.3064212831589836e-09,False
78,1,0.6,1142.5790458725894,3.2474631264395413,930.2681722683857,0.0,0,-0.18581723021365368,0.18581723021365368,False
78,1,1.0,1142.5790458725894,3.2474631264395413,788.7275832076053,0.0,0,-0.3096953895165714,0.3096953895165714,False
78,5,0.0,5712.895229362947,3.2474631264395413,5712.895218995735,0.0,0,-1.8147036581230005e-09,1.8147036581230005e-09,False
78,5,0.6,5712.895229362947,3.2474631264395413,5500.584354250642,0.0,0,-0.03716344630671277,0.03716344630671277,False
78,5,1.0,5712.895229362947,3.2474631264395413,5359.04378786333,0.0,0,-0.06193907419847353,0.06193907419847353,False
78,20,0.0,22851.58091745179,3.2474631264395413,22851.58087598294,0.0,0,-1.8147036581230005e-09,1.8147036581230005e-09,False
78,20,0.6,22851.58091745179,3.2474631264395413,22639.270090918926,0.0,0,-0.009290859450810282,0.009290859450810282,False
78,20,1.0,22851.58091745179,3.2474631264395413,22497.72947624989,0.0,0,-0.015484768536590067,0.015484768536590067,False
79,1,0.0,1179.148728605249,1.9578423369241351,1179.1487274818908,0.0,0,-9.52685832513625e-10,9.52685832513625e-10,False
79,1,0.6,1179.148728605249,1.9578423369241351,841.7640148922007,0.0,0,-0.28612566466668066,0.28612566466668066,False
79,1,1.0,1179.148728605249,1.9578423369241351,616.8408633903541,0.0,0,-0.47687611543288383,0.47687611543288383,False
79,5,0.0,5895.743643026245,1.9578423369241351,5895.743677334979,0.0,0,5.819237759828015e-09,5.819237759828015e-09,False
79,5,0.6,5895.743643026245,1.9578423369241351,5558.358933831718,0.0,0,-0.0572251321669322,0.0572251321669322,False
79,5,1.0,5895.743643026245,1.9578423369241351,5333.435800150034,0.0,0,-0.09537521929762574,0.09537521929762574,False
79,20,0.0,23582.97457210498,1.9578423369241351,23582.974709339916,0.0,0,5.819237759828015e-09,5.819237759828015e-09,False
79,20,0.6,23582.97457210498,1.9578423369241351,23245.590013729554,0.0,0,-0.014306276646479545,0.014306276646479545,False
79,20,1.0,23582.97457210498,1.9578423369241351,23020.666603948903,0.0,0,-0.02384381013670774,0.02384381013670774,False
80,1,0.0,882.8226748645171,3.8023866473246386,882.8226811055545,0.0,0,7.069412145783093e-09,7.069412145783093e-09,False
80,1,0.6,882.8226748645171,3.8023866473246386,919.5038024022887,0.0,0,0.04154982487666715,0.04154982487666715,False
80,1,1.0,882.8226748645171,3.8023866473246386,943.957891684822,0.0,0,0.06924971295021057,0.06924971295021057,False
80,5,0.0,4414.1133743225855,3.8023866473246386,4414.113377980767,0.0,0,8.287465913726332e-10,8.287465913726332e-10,False
80,5,0.6,4414.1133743225855,3.8023866473246386,4450.794508096812,0.0,0,0.00830996638817774,0.00830996638817774,False
80,5,1.0,4414.1133743225855,3.8023866473246386,4475.248580842316,0.0,0,0.013849940256487595,0.013849940256487595,False
80,20,0.0,17656.453497290342,3.8023866473246386,17656.453511923068,0.0,0,8.287465913726332e-10,8.287465913726332e-10,False
80,20,0.6,17656.453497290342,3.8023866473246386,17693.134633173115,0.0,0,0.0020774917164651406,0.0020774917164651406,False
80,20,1.0,17656.453497290342,3.8023866473246386,17717.588707104955,0.0,0,0.00346248525073253,0.00346248525073253,False
81,1,0.0,1002.6037682827216,3.963454036988501,1002.6037642493142,0.0,0,-4.022932651159043e-09,4.022932651159043e-09,False
81,1,0.6,1002.6037682827216,3.963454036988501,835.098078133848,0.0,0,-0.16707067681959786,0.16707067681959786,False
81,1,1.0,1002.6037682827216,3.963454036988501,723.4276141942139,0.0,0,-0.2784511318630747,0.2784511318630747,False
81,5,0.0,5013.018841413608,3.963454036988501,5013.0188292777875,0.0,0,-2.4208607845192293e-09,2.4208607845192293e-09,False
81,5,0.6,5013.018841413608,3.963454036988501,4845.513164805692,0.0,0,-0.033414132662761255,0.033414132662761255,False
81,5,1.0,5013.018841413608,3.963454036988501,4733.842687325893,0.0,0,-0.055690226372456825,0.055690226372456825,False
81,20,0.0,20052.075365654433,3.963454036988501,20052.07531711115,0.0,0,-2.4208607845192293e-09,2.4208607845192293e-09,False
81,20,0.6,20052.075365654433,3.963454036988501,19884.56965496956,0.0,0,-0.008353534865113239,0.008353534865113239,False
81,20,1.0,20052.075365654433,3.963454036988501,19772.89922889333,0.0,0,-0.013922555729033488,0.013922555729033488,False
82,1,0.0,1192.6343551258792,2.701836114919587,1192.6343657199645,0.0,0,8.882928182491825e-09,8.882928182491825e-09,False
82,1,0.6,1192.6343551258792,2.701836114919587,938.0692467168489,0.0,0,-0.21344774055428056,0.21344774055428056,False
82,1,1.0,1192.6343551258792,2.701836114919587,768.3591736756725,0.0,0,-0.3557462349014972,0.3557462349014972,False
82,5,0.0,5963.1717756293965,2.701836114919587,5963.17172703034,0.0,0,-8.149866980630275e-09,8.149866980630275e-09,False
82,5,0.6,5963.1717756293965,2.701836114919587,5708.606682532042,0.0,0,-0.04268954554314942,0.04268954554314942,False
82,5,1.0,5963.1717756293965,2.701836114919587,5538.896578719494,0.0,0,-0.07114924957282848,0.07114924957282848,False
82,20,0.0,23852.687102517586,2.701836114919587,23852.68690812136,0.0,0,-8.149866980630275e-09,8.149866980630275e-09,False
82,20,0.6,23852.687102517586,2.701836114919587,23598.12198540352,0.0,0,-0.010672387392663968,0.010672387392663968,False
82,20,1.0,23852.687102517586,2.701836114919587,23428.411948837424,0.0,0,-0.01778731058084359,0.01778731058084359,False
83,1,0.0,988.8760577053,2.433280547601436,988.8760592445198,0.0,0,1.5565345387219362e-09,1.5565345387219362e-09,False
83,1,0.6,988.8760577053,2.433280547601436,988.8939020936601,0.0,0,1.8045121247576497e-05,1.8045121247576497e-05,False
83,1,1.0,988.8760577053,2.433280547601436,988.9058066280721,0.0,0,3.0083570676336478e-05,3.0083570676336478e-05,False
83,5,0.0,4944.3802885265,2.433280547601436,4944.380355014335,0.0,0,1.3447152220150866e-08,1.3447152220150866e-08,False
83,5,0.6,4944.3802885265,2.433280547601436,4944.398113823344,0.0,0,3.605162993808463e-06,3.605162993808463e-06,False
83,5,1.0,4944.3802885265,2.433280547601436,4944.410030350338,0.0,0,6.015278377127084e-06,6.015278377127084e-06,False
83,20,0.0,19777.521154106,2.433280547601436,19777.52142005734,0.0,0,1.3447152220150866e-08,1.3447152220150866e-08,False
83,20,0.6,19777.521154106,2.433280547601436,19777.539025078262,0.0,0,9.03600209610452e-07,9.03600209610452e-07,False
83,20,1.0,19777.521154106,2.433280547601436,19777.5508654113,0.0,0,1.5022765020396696e-06,1.5022765020396696e-06,False
84,1,0.0,1048.6022847919037,3.56893454992683,1048.6022863151495,0.0,0,1.4526440102514054e-09,1.4526440102514054e-09,False
84,1,0.6,1048.6022847919037,3.56893454992683,793.1798770052656,0.0,0,-0.24358368419665136,0.24358368419665136,False
84,1,1.0,1048.6022847919037,3.56893454992683,622.8982682988094,0.0,0,-0.4059728103468473,0.4059728103468473,False
84,5,0.0,5243.011423959519,3.56893454992683,5243.011448833756,0.0,0,4.744265300643731e-09,4.744265300643731e-09,False
84,5,0.6,5243.011423959519,3.56893454992683,4987.589016781201,0.0,0,-0.0487167367233052,0.0487167367233052,False
84,5,1.0,5243.011423959519,3.56893454992683,4817.307410749711,0.0,0,-0.08119456144314785,0.08119456144314785,False
84,20,0.0,20972.045695838075,3.56893454992683,20972.045795335023,0.0,0,4.744265300643731e-09,4.744265300643731e-09,False
84,20,0.6,20972.045695838075,3.56893454992683,20716.623229497705,0.0,0,-0.012179187001822056,0.012179187001822056,False
84,20,1.0,20972.045695838075,3.56893454992683,20546.341660769584,0.0,0,-0.020298641403064102,0.020298641403064102,False
85,1,0.0,1139.3098652537446,3.9768935108766845,1139.3098595734878,0.0,0,-4.9856997326734234e-09,4.9856997326734234e-09,False
85,1,0.6,1139.3098652537446,3.9768935108766845,942.7633033473838,0.0,0,-0.1725137014086913,0.1725137014086913,False
85,1,1.0,1139.3098652537446,3.9768935108766845,811.73226509012,0.0,0,-0.287522833036004,0.287522833036004,False
85,5,0.0,5696.549326268723,3.9768935108766845,5696.549329578949,0.0,0,5.810931900718616e-10,5.810931900718616e-10,False
85,5,0.6,5696.549326268723,3.9768935108766845,5500.002774215276,0.0,0,-0.03450273855210983,0.03450273855210983,False
85,5,1.0,5696.549326268723,3.9768935108766845,5368.971720125358,0.0,0,-0.057504567656913586,0.057504567656913586,False
85,20,0.0,22786.197305074893,3.9768935108766845,22786.197318315797,0.0,0,5.810931900718616e-10,5.810931900718616e-10,False
85,20,0.6,22786.197305074893,3.9768935108766845,22589.650748900676,0.0,0,-0.008625684818872444,0.008625684818872444,False
85,20,1.0,22786.197305074893,3.9768935108766845,22458.619764049567,0.0,0,-0.014376139056444007,0.014376139056444007,False
86,1,0.0,819.936940616031,1.7964548566938183,819.936945302767,0.0,0,5.715971160554231e-09,5.715971160554231e-09,False
86,1,0.6,819.936940616031,1.7964548566938183,582.4517896394661,0.0,0,-0.28963831145129126,0.28963831145129126,False
86,1,1.0,819.936940616031,1.7964548566938183,424.12835414906533,0.0,0,-0.48273052092224156,0.48273052092224156,False
86,5,0.0,4099.6847030801555,1.7964548566938183,4099.684673960406,0.0,0,-7.102924115266894e-09,7.102924115266894e-09,False
86,5,0.6,4099.6847030801555,1.7964548566938183,3862.1995565004604,0.0,0,-0.057927661217768496,0.057927661217768496,False
86,5,1.0,4099.6847030801555,1.7964548566938183,3703.876109174582,0.0,0,-0.09654610599888246,0.09654610599888246,False
86,20,0.0,16398.738812320622,1.7964548566938183,16398.738695841625,0.0,0,-7.102924115266894e-09,7.102924115266894e-09,False
86,20,0.6,16398.738812320622,1.7964548566938183,16161.253623789462,0.0,0,-0.01448191786265501,0.01448191786265501,False
86,20,1.0,16398.738812320622,1.7964548566938183,16002.930306176566,0.0,0,-0.02413652114799701,0.02413652114799701,False
87,1,0.0,1146.014346432063,2.8216051972763054,1146.0143412568373,0.0,0,-4.515847153358627e-09,4.515847153358627e-09,False
87,1,0.6,1146.014346432063,2.8216051972763054,1107.348381604742,0.0,0,-0.03373951202940996,0.03373951202940996,False
87,1,1.0,1146.014346432063,2.8216051972763054,1081.5710715065172,0.0,0,-0.05623252023517835,0.05623252023517835,False
87,5,0.0,5730.071732160314,2.8216051972763054,5730.071802079441,0.0,0,1.2202138147737265e-08,1.2202138147737265e-08,False
87,5,0.6,5730.071732160314,2.8216051972763054,5691.405771669372,0.0,0,-0.0067479016491062815,0.0067479016491062815,False
87,5,1.0,5730.071732160314,2.8216051972763054,5665.628456903035,0.0,0,-0.011246504104929124,0.011246504104929124,False
87,20,0.0,22920.286928641257,2.8216051972763054,22920.287208317764,0.0,0,1.2202138147737265e-08,1.2202138147737265e-08,False
87,20,0.6,22920.286928641257,2.8216051972763054,22881.62099312099,0.0,0,-0.001686974322819283,0.001686974322819283,False
87,20,1.0,22920.286928641257,2.8216051972763054,22855.8436671868,0.0,0,-0.002811625424022427,0.002811625424022427,False
88,1,0.0,1128.285191071202,2.4519301746559403,1128.2851852550002,0.0,0,-5.154903953550919e-09,5.154903953550919e-09,False
88,1,0.6,1128.285191071202,2.4519301746559403,886.2896658315096,0.0,0,-0.2144808131443612,0.2144808131443612,False
88,1,1.0,1128.285191071202,2.4519301746559403,724.9593156742794,0.0,0,-0.3574680219049956,0.3574680219049956,False
88,5,0.0,5641.42595535601,2.4519301746559403,5641.425939222755,0.0,0,-2.859783094470489e-09,2.859783094470489e-09,False
88,5,0.6,5641.42595535601,2.4519301746559403,5399.4304458493525,0.0,0,-0.04289615984003208,0.04289615984003208,False
88,5,1.0,5641.42595535601,2.4519301746559403,5238.1000668148845,0.0,0,-0.0714936067109424,0.0714936067109424,False
88,20,0.0,22565.70382142404,2.4519301746559403,22565.70375689102,0.0,0,-2.859783094470489e-09,2.859783094470489e-09,False
88,20,0.6,22565.70382142404,2.4519301746559403,22323.70833887362,0.0,0,-0.01072403876544126,0.01072403876544126,False
88,20,1.0,22565.70382142404,2.4519301746559403,22162.377865937015,0.0,0,-0.01787340464444558,0.01787340464444558,False
89,1,0.0,956.8577960143118,3.7785138905277016,956.8577985550282,0.0,0,2.6552706510940443e-09,2.6552706510940443e-09,False
89,1,0.6,956.8577960143118,3.7785138905277016,723.6184124458302,0.0,0,-0.24375553456324975,0.24375553456324975,False
89,1,1.0,956.8577960143118,3.7785138905277016,568.1254950131893,0.0,0,-0.4062592191027184,0.4062592191027184,False
89,5,0.0,4784.288980071559,3.7785138905277016,4784.289012516761,0.0,0,6.781614208160527e-09,6.781614208160527e-09,False
89,5,0.6,4784.288980071559,3.7785138905277016,4551.049591933429,0.0,0,-0.0487511078677864,0.0487511078677864,False
89,5,1.0,4784.288980071559,3.7785138905277016,4395.5566689131665,0.0,0,-0.08125184594359065,0.08125184594359065,False
89,20,0.0,19137.155920286237,3.7785138905277016,19137.156050067046,0.0,0,6.781614208160527e-09,6.781614208160527e-09,False
89,20,0.6,19137.155920286237,3.7785138905277016,18903.916520746177,0.0,0,-0.012187777562747224,0.012187777562747224,False
89,20,1.0,19137.155920286237,3.7785138905277016,18748.42361231783,0.0,0,-0.020312961319206947,0.020312961319206947,False
90,1,0.0,908.6360686804525,2.4797467821995474,908.6360602407046,0.0,0,-9.288369811949435e-09,9.288369811949435e-09,False
90,1,0.6,908.6360686804525,2.4797467821995474,942.4076651857398,0.0,0,0.03716735189076461,0.03716735189076461,False
90,1,1.0,908.6360686804525,2.4797467821995474,964.9220635910061,0.0,0,0.06194558729359467,0.06194558729359467,False
90,5,0.0,4543.180343402262,2.4797467821995474,4543.180343701535,0.0,0,6.587298917856119e-11,6.587298917856119e-11,False
90,5,0.6,4543.180343402262,2.4797467821995474,4576.951959521442,0.0,0,0.0074334746953693565,0.0074334746953693565,False
90,5,1.0,4543.180343402262,2.4797467821995474,4599.46635053847,0.0,0,0.012389120149709137,0.012389120149709137,False
90,20,0.0,18172.72137360905,2.4797467821995474,18172.72137480614,0.0,0,6.587298917856119e-11,6.587298917856119e-11,False
90,20,0.6,18172.72137360905,2.4797467821995474,18206.492996594923,0.0,0,0.0018583690516995655,0.0018583690516995655,False
90,20,1.0,18172.72137360905,2.4797467821995474,18229.007338113886,0.0,0,0.0030972776915282247,0.0030972776915282247,False
91,1,0.0,1081.03658347253,1.7298781245945531,1081.036579482267,0.0,0,-3.69114535807831e-09,3.69114535807831e-09,False
91,1,0.6,1081.03658347253,1.7298781245945531,1066.275510825387,0.0,0,-0.013654554223990421,0.013654554223990421,False
91,1,1.0,1081.03658347253,1.7298781245945531,1056.4347912200092,0.0,0,-0.02275759454272535,0.02275759454272535,False
91,5,0.0,5405.18291736265,1.7298781245945531,5405.182897294544,0.0,0,-3.712752445720541e-09,3.712752445720541e-09,False
91,5,0.6,5405.18291736265,1.7298781245945531,5390.42183673201,0.0,0,-0.0027309123218058604,0.0027309123218058604,False
91,5,1.0,5405.18291736265,1.7298781245945531,5380.581135616291,0.0,0,-0.004551516964825102,0.004551516964825102,False
91,20,0.0,21620.7316694506,1.7298781245945531,21620.731589178176,0.0,0,-3.712752445720541e-09,3.712752445720541e-09,False
91,20,0.6,21620.7316694506,1.7298781245945531,21605.97050061209,0.0,0,-0.0006827321602334311,0.0006827321602334311,False
91,20,1.0,21620.7316694506,1.7298781245945531,21596.129759268493,0.0,0,-0.0011378851816041563,0.0011378851816041563,False
92,1,0.0,926.7799504065437,3.2610985997435358,926.7799497150081,0.0,0,-7.461701634189542e-10,7.461701634189542e-10,False
92,1,0.6,926.7799504065437,3.2610985997435358,713.5013323815535,0.0,0,-0.23012864912693975,0.23012864912693975,False
92,1,1.0,926.7799504065437,3.2610985997435358,571.3155840976456,0.0,0,-0.38354775171060745,0.38354775171060745,False
92,5,0.0,4633.899752032718,3.2610985997435358,4633.8997148827975,0.0,0,-8.016988473529474e-09,8.016988473529474e-09,False
92,5,0.6,4633.899752032718,3.2610985997435358,4420.621107070752,0.0,0,-0.046025735638413154,0.046025735638413154,False
92,5,1.0,4633.899752032718,3.2610985997435358,4278.4353917467,0.0,0,-0.07670954904237837,0.07670954904237837,False
92,20,0.0,18535.599008130874,3.2610985997435358,18535.59885953119,0.0,0,-8.016988473529474e-09,8.016988473529474e-09,False
92,20,0.6,18535.599008130874,3.2610985997435358,18322.32039853601,0.0,0,-0.01150643200153972,0.01150643200153972,False
92,20,1.0,18535.599008130874,3.2610985997435358,18180.134589423942,0.0,0,-0.01917739041241681,0.01917739041241681,False
93,1,0.0,1175.1279575105464,2.0306412087022907,1175.1279594523887,0.0,0,1.6524518405291945e-09,1.6524518405291945e-09,False
93,1,0.6,1175.1279575105464,2.0306412087022907,938.9969552068983,0.0,0,-0.20094067271097912,0.20094067271097912,False
93,1,1.0,1175.1279575105464,2.0306412087022907,781.5762783674584,0.0,0,-0.3349011285348098,0.3349011285348098,False
93,5,0.0,5875.639787552732,2.0306412087022907,5875.639815555556,0.0,0,4.765919181163186e-09,4.765919181163186e-09,False
93,5,0.6,5875.639787552732,2.0306412087022907,5639.508762312107,0.0,0,-0.04018813844593694,0.04018813844593694,False
93,5,1.0,5875.639787552732,2.0306412087022907,5482.088146408755,0.0,0,-0.0669802192397324,0.0669802192397324,False
93,20,0.0,23502.559150210927,2.0306412087022907,23502.559262222225,0.0,0,4.765919181163186e-09,4.765919181163186e-09,False
93,20,0.6,23502.559150210927,2.0306412087022907,23266.428226676064,0.0,0,-0.010047030284050762,0.010047030284050762,False
93,20,1.0,23502.559150210927,2.0306412087022907,23109.007503417044,0.0,0,-0.01674505505032848,0.01674505505032848,False
94,1,0.0,1165.858864806407,3.1951988525893835,1165.8588623718347,0.0,0,-2.088222104521598e-09,2.088222104521598e-09,False
94,1,0.6,1165.858864806407,3.1951988525893835,845.5282822048448,0.0,0,-0.2747593145888663,0.2747593145888663,False
94,1,1.0,1165.858864806407,3.1951988525893835,631.9745608037055,0.0,0,-0.4579321906956156,0.4579321906956156,False
94,5,0.0,5829.294324032035,3.1951988525893835,5829.294308126165,0.0,0,-2.7286098629263656e-09,2.7286098629263656e-09,False
94,5,0.6,5829.294324032035,3.1951988525893835,5508.963734113842,0.0,0,-0.0549518641729218,0.0549518641729218,False
94,5,1.0,5829.294324032035,3.1951988525893835,5295.410011025031,0.0,0,-0.0915864396837873,0.0915864396837873,False
94,20,0.0,23317.17729612814,3.1951988525893835,23317.17723250466,0.0,0,-2.7286098629263656e-09,2.7286098629263656e-09,False
94,20,0.6,23317.17729612814,3.1951988525893835,22996.846654548895,0.0,0,-0.013737968258809552,0.013737968258809552,False
94,20,1.0,23317.17729612814,3.1951988525893835,22783.293021767986,0.0,0,-0.022896608263505598,0.022896608263505598,False
95,1,0.0,1052.0348384240838,3.6788841705217554,1052.0348383008672,0.0,0,-1.1712209397111543e-10,1.1712209397111543e-10,False
95,1,0.6,1052.0348384240838,3.6788841705217554,1034.0507391463543,0.0,0,-0.017094585294027992,0.017094585294027992,False
95,1,1.0,1052.0348384240838,3.6788841705217554,1022.061343950008,0.0,0,-0.028490971381684625,0.028490971381684625,False
95,5,0.0,5260.174192120419,3.6788841705217554,5260.174173248868,0.0,0,-3.587628570886372e-09,3.587628570886372e-09,False
95,5,0.6,5260.174192120419,3.6788841705217554,5242.190101378944,0.0,0,-0.0034189154359973674,0.0034189154359973674,False
95,5,1.0,5260.174192120419,3.6788841705217554,5230.200691950471,0.0,0,-0.005698195359166551,0.005698195359166551,False
95,20,0.0,21040.696768481677,3.6788841705217554,21040.696692995472,0.0,0,-3.587628570886372e-09,3.587628570886372e-09,False
95,20,0.6,21040.696768481677,3.6788841705217554,21022.71266643301,0.0,0,-0.0008547293963956102,0.0008547293963956102,False
95,20,1.0,21040.696768481677,3.6788841705217554,21010.723296857464,0.0,0,-0.001424547483100093,0.001424547483100093,False
96,1,0.0,876.745191740576,1.54654356713114,876.7451757610593,0.0,0,-1.8225953133491667e-08,1.8225953133491667e-08,False
96,1,0.6,876.745191740576,1.54654356713114,825.6386885499388,0.0,0,-0.05829117019641364,0.05829117019641364,False
96,1,1.0,876.745191740576,1.54654356713114,791.5677037358732,0.0,0,-0.0971519305804261,0.0971519305804261,False
96,5,0.0,4383.72595870288,1.54654356713114,4383.725930683693,0.0,0,-6.391637467359722e-09,6.391637467359722e-09,False
96,5,0.6,4383.72595870288,1.54654356713114,4332.619456235625,0.0,0,-0.011658233874267404,0.011658233874267404,False
96,5,1.0,4383.72595870288,1.54654356713114,4298.54845764695,0.0,0,-0.019430389093284917,0.019430389093284917,False
96,20,0.0,17534.90383481152,1.54654356713114,17534.903722734773,0.0,0,-6.391637467359722e-09,6.391637467359722e-09,False
96,20,0.6,17534.90383481152,1.54654356713114,17483.797337666336,0.0,0,-0.0029145581650539152,0.0029145581650539152,False
96,20,1.0,17534.90383481152,1.54654356713114,17449.726275880104,0.0,0,-0.0048576005739088286,0.0048576005739088286,False
97,1,0.0,1034.7750794006263,2.7539969727877995,1034.7750707139633,0.0,0,-8.39473543149481e-09,8.39473543149481e-09,False
97,1,0.6,1034.7750794006263,2.7539969727877995,1244.3212180935018,0.0,0,0.20250404446756787,0.20250404446756787,False
97,1,1.0,1034.7750794006263,2.7539969727877995,1384.01864485733,0.0,0,0.3375067417153072,0.3375067417153072,False
97,5,0.0,5173.875397003131,2.7539969727877995,5173.875372742649,0.0,0,-4.689034831517226e-09,4.689034831517226e-09,False
97,5,0.6,5173.875397003131,2.7539969727877995,5383.421516901579,0.0,0,0.040500805260950665,0.040500805260950665,False
97,5,1.0,5173.875397003131,2.7539969727877995,5523.118964484345,0.0,0,0.06750134873435622,0.06750134873435622,False
97,20,0.0,20695.501588012525,2.7539969727877995,20695.501490970597,0.0,0,-4.689034831517226e-09,4.689034831517226e-09,False
97,20,0.6,20695.501588012525,2.7539969727877995,20905.04765794388,0.0,0,0.010125198900843789,0.010125198900843789,False
97,20,1.0,20695.501588012525,2.7539969727877995,21044.74517478942,0.0,0,0.016875338115950145,0.016875338115950145,False
98,1,0.0,1004.7884997430676,3.3785208758045906,1004.7885017533822,0.0,0,2.0007340598318407e-09,2.0007340598318407e-09,False
98,1,0.6,1004.7884997430676,3.3785208758045906,982.4289104440105,0.0,0,-0.022253030667423686,0.022253030667423686,False
98,1,1.0,1004.7884997430676,3.3785208758045906,967.5225229327112,0.0,0,-0.037088379116486304,0.037088379116486304,False
98,5,0.0,5023.942498715338,3.3785208758045906,5023.942486673831,0.0,0,-2.3968242146947706e-09,2.3968242146947706e-09,False
98,5,0.6,5023.942498715338,3.3785208758045906,5001.5829054184305,0.0,0,-0.0044506069292443,0.0044506069292443,False
98,5,1.0,5023.942498715338,3.3785208758045906,4986.676537723098,0.0,0,-0.0074176726747508465,0.0074176726747508465,False
98,20,0.0,20095.76999486135,3.3785208758045906,20095.769946695324,0.0,0,-2.3968242146947706e-09,2.3968242146947706e-09,False
98,20,0.6,20095.76999486135,3.3785208758045906,20073.41029885091,0.0,0,-0.0011126568435127432,0.0011126568435127432,False
98,20,1.0,20095.76999486135,3.3785208758045906,20058.504040697233,0.0,0,-0.0018544178289086677,0.0018544178289086677,False
99,1,0.0,997.0570968865242,2.2746484139425758,997.057092419426,0.0,0,-4.480283204542575e-09,4.480283204542575e-09,False
99,1,0.6,997.0570968865242,2.2746484139425758,816.3445579718756,0.0,0,-0.18124592812082016,0.18124592812082016,False
99,1,1.0,997.0570968865242,2.2746484139425758,695.8695204586644,0.0,0,-0.302076558472296,0.302076558472296,False
99,5,0.0,4985.285484432621,2.2746484139425758,4985.28544903614,0.0,0,-7.100191477130806e-09,7.100191477130806e-09,False
99,5,0.6,4985.285484432621,2.2746484139425758,4804.572940535555,0.0,0,-0.036249186623588746,0.036249186623588746,False
99,5,1.0,4985.285484432621,2.2746484139425758,4684.097939763604,0.0,0,-0.060415305323942896,0.060415305323942896,False
99,20,0.0,19941.141937730485,2.2746484139425758,19941.14179614456,0.0,0,-7.100191477130806e-09,7.100191477130806e-09,False
99,20,0.6,19941.141937730485,2.2746484139425758,19760.42934520058,0.0,0,-0.0090622990947163,0.0090622990947163,False
99,20,1.0,19941.141937730485,2.2746484139425758,19639.954386530353,0.0,0,-0.015103826658505291,0.015103826658505291,False
